South America,2021-01-01,53,1,0.02255718
Asia,2021-01-01,53,1,0.014923986
Europe,2021-01-01,53,1,0.016575286
North America,2021-01-01,53,1,0.01611836
Oceania,2021-01-01,53,1,0.0
Africa,2021-01-02,53,1,0.022498908
South America,2021-01-02,53,1,0.022800723
Oceania,2021-01-02,53,1,0.0
North America,2021-01-02,53,1,0.00994826
Europe,2021-01-02,53,1,0.017692525
Asia,2021-01-02,53,1,0.01599323
North America,2021-01-03,53,1,0.00889204
South America,2021-01-03,53,1,0.022014005
Africa,2021-01-03,53,1,0.02750625
Europe,2021-01-03,53,1,0.017628927
Oceania,2021-01-03,53,1,0.0
Asia,2021-01-03,53,1,0.016745897
South America,2021-01-04,1,1,0.025161518
North America,2021-01-04,1,1,0.013930296
Europe,2021-01-04,1,1,0.020711103
Asia,2021-01-04,1,1,0.014809786
Africa,2021-01-04,1,1,0.0314064
Oceania,2021-01-04,1,1,0.0
Asia,2021-01-05,1,1,0.014897331
Oceania,2021-01-05,1,1,0.0
South America,2021-01-05,1,1,0.019894855
Africa,2021-01-05,1,1,0.030587533
Europe,2021-01-05,1,1,0.023193883
North America,2021-01-05,1,1,0.019116113
Oceania,2021-01-06,1,1,0.0
Africa,2021-01-06,1,1,0.031008186
North America,2021-01-06,1,1,0.01859436
South America,2021-01-06,1,1,0.01979263
Asia,2021-01-06,1,1,0.012180796
Europe,2021-01-06,1,1,0.019989118
South America,2021-01-07,1,1,0.018325465
Oceania,2021-01-07,1,1,0.0
Asia,2021-01-07,1,1,0.013020922
North America,2021-01-07,1,1,0.01675409
Europe,2021-01-07,1,1,0.017462378
Africa,2021-01-07,1,1,0.019447345
North America,2021-01-08,1,1,0.016475711
Africa,2021-01-08,1,1,0.024972558
South America,2021-01-08,1,1,0.01866878
Europe,2021-01-08,1,1,0.021848325
Oceania,2021-01-08,1,1,0.0
Asia,2021-01-08,1,1,0.013268374
Oceania,2021-01-09,1,1,0.0
Africa,2021-01-09,1,1,0.018732892
North America,2021-01-09,1,1,0.015862042
South America,2021-01-09,1,1,0.020509494
Asia,2021-01-09,1,1,0.012377887
Europe,2021-01-09,1,1,0.018816566
North America,2021-01-10,1,1,0.011864672
South America,2021-01-10,1,1,0.019647004
Asia,2021-01-10,1,1,0.012705384
Africa,2021-01-10,1,1,0.018774891
Oceania,2021-01-10,1,1,0.0
Europe,2021-01-10,1,1,0.017258355
Europe,2021-01-11,2,1,0.019839877
South America,2021-01-11,2,1,0.020877961
Africa,2021-01-11,2,1,0.024317954
Asia,2021-01-11,2,1,0.013395199
Oceania,2021-01-11,2,1,0.0
North America,2021-01-11,2,1,0.011707992
Africa,2021-01-12,2,1,0.041243047
North America,2021-01-12,2,1,0.024073733
Asia,2021-01-12,2,1,0.016877225
Oceania,2021-01-12,2,1,0.0
Europe,2021-01-12,2,1,0.027722238
South America,2021-01-12,2,1,0.019380035
Africa,2021-01-13,2,1,0.03584745
North America,2021-01-13,2,1,0.021225551
Oceania,2021-01-13,2,1,0.0
Europe,2021-01-13,2,1,0.025034787
Asia,2021-01-13,2,1,0.01527322
South America,2021-01-13,2,1,0.020784857
Asia,2021-01-14,2,1,0.013443067
Oceania,2021-01-14,2,1,0.0
Europe,2021-01-14,2,1,0.023257872
North America,2021-01-14,2,1,0.018841702
South America,2021-01-14,2,1,0.01941464
Africa,2021-01-14,2,1,0.030748116
Africa,2021-01-15,2,1,0.028677355
North America,2021-01-15,2,1,0.018396804
Europe,2021-01-15,2,1,0.022921642
Oceania,2021-01-15,2,1,0.0
South America,2021-01-15,2,1,0.016105905
Asia,2021-01-15,2,1,0.014559934
Oceania,2021-01-16,2,1,0.0
Asia,2021-01-16,2,1,0.012928218
Africa,2021-01-16,2,1,0.024048243
Europe,2021-01-16,2,1,0.026429933
South America,2021-01-16,2,1,0.019289663
North America,2021-01-16,2,1,0.020667726
Europe,2021-01-17,2,1,0.020756818
Africa,2021-01-17,2,1,0.022457564
North America,2021-01-17,2,1,0.013492179
South America,2021-01-17,2,1,0.021282023
Oceania,2021-01-17,2,1,0.0
Asia,2021-01-17,2,1,0.013928429
North America,2021-01-18,3,1,0.014691738
Africa,2021-01-18,3,1,0.032374583
South America,2021-01-18,3,1,0.031923383
Europe,2021-01-18,3,1,0.018099934
Asia,2021-01-18,3,1,0.016563725
Oceania,2021-01-18,3,1,0.0
Oceania,2021-01-19,3,1,0.0
South America,2021-01-19,3,1,0.024013255
Asia,2021-01-19,3,1,0.016411657
Europe,2021-01-19,3,1,0.036665067
North America,2021-01-19,3,1,0.021800017
Africa,2021-01-19,3,1,0.051203407
Asia,2021-01-20,3,1,0.0145273125
Oceania,2021-01-20,3,1,0.0
North America,2021-01-20,3,1,0.028781967
South America,2021-01-20,3,1,0.020825544
Europe,2021-01-20,3,1,0.02846592
Africa,2021-01-20,3,1,0.032538112
Asia,2021-01-21,3,1,0.016325835
North America,2021-01-21,3,1,0.027211003
Oceania,2021-01-21,3,1,0.0
Europe,2021-01-21,3,1,0.026810523
South America,2021-01-21,3,1,0.025921013
Africa,2021-01-21,3,1,0.036708407
Africa,2021-01-22,3,1,0.037451886
Europe,2021-01-22,3,1,0.026722485
South America,2021-01-22,3,1,0.023106396
Asia,2021-01-22,3,1,0.013862825
North America,2021-01-22,3,1,0.02474106
Oceania,2021-01-22,3,1,0.0
Oceania,2021-01-23,3,1,0.0
South America,2021-01-23,3,1,0.02500888
Africa,2021-01-23,3,1,0.028577693
North America,2021-01-23,3,1,0.02549851
Europe,2021-01-23,3,1,0.026047677
Asia,2021-01-23,3,1,0.014298994
Asia,2021-01-24,3,1,0.01525634
Oceania,2021-01-24,3,1,0.0
Europe,2021-01-24,3,1,0.021743592
North America,2021-01-24,3,1,0.016382352
South America,2021-01-24,3,1,0.026223516
Africa,2021-01-24,3,1,0.03205986
Africa,2021-01-25,4,1,0.046317432
South America,2021-01-25,4,1,0.03414984
Europe,2021-01-25,4,1,0.02295598
North America,2021-01-25,4,1,0.016536923
Asia,2021-01-25,4,1,0.018762669
Oceania,2021-01-25,4,1,0.0
Oceania,2021-01-26,4,1,0.0
Europe,2021-01-26,4,1,0.03595235
North America,2021-01-26,4,1,0.034669116
Africa,2021-01-26,4,1,0.052863672
Asia,2021-01-26,4,1,0.016248487
South America,2021-01-26,4,1,0.02562627
Africa,2021-01-27,4,1,0.05037868
North America,2021-01-27,4,1,0.03245316
Asia,2021-01-27,4,1,0.01580993
Oceania,2021-01-27,4,1,0.0
South America,2021-01-27,4,1,0.025676118
Europe,2021-01-27,4,1,0.029738946
Oceania,2021-01-28,4,1,0.0
North America,2021-01-28,4,1,0.028854828
Africa,2021-01-28,4,1,0.047935314
South America,2021-01-28,4,1,0.02490297
Asia,2021-01-28,4,1,0.01640907
Europe,2021-01-28,4,1,0.030275445
Europe,2021-01-29,4,1,0.027667275
Asia,2021-01-29,4,1,0.0126173515
South America,2021-01-29,4,1,0.027546365
Africa,2021-01-29,4,1,0.044048734
North America,2021-01-29,4,1,0.02736713
Oceania,2021-01-29,4,1,0.0
Asia,2021-01-30,4,1,0.017107017
Europe,2021-01-30,4,1,0.030124241
Africa,2021-01-30,4,1,0.034363106
North America,2021-01-30,4,1,0.027086614
Oceania,2021-01-30,4,1,0.0
South America,2021-01-30,4,1,0.023537723
Asia,2021-01-31,4,1,0.016075265
Oceania,2021-01-31,4,1,0.0
North America,2021-01-31,4,1,0.019866085
Africa,2021-01-31,4,1,0.033307955
South America,2021-01-31,4,1,0.034012113
Europe,2021-01-31,4,1,0.022317654
Europe,2021-02-01,5,2,0.02569006
South America,2021-02-01,5,2,0.038412265
Asia,2021-02-01,5,2,0.014953697
Oceania,2021-02-01,5,2,0.0
North America,2021-02-01,5,2,0.017827403
Africa,2021-02-01,5,2,0.040069275
Africa,2021-02-02,5,2,0.0596894
North America,2021-02-02,5,2,0.03282666
Asia,2021-02-02,5,2,0.016147653
South America,2021-02-02,5,2,0.028665172
Oceania,2021-02-02,5,2,0.0
Europe,2021-02-02,5,2,0.041395433
South America,2021-02-03,5,2,0.02566833
Oceania,2021-02-03,5,2,0.0
Asia,2021-02-03,5,2,0.0131494505
North America,2021-02-03,5,2,0.040363513
Africa,2021-02-03,5,2,0.045916058
Europe,2021-02-03,5,2,0.031334683
North America,2021-02-04,5,2,0.03085671
Asia,2021-02-04,5,2,0.014002718
South America,2021-02-04,5,2,0.027412621
Oceania,2021-02-04,5,2,0.0
Europe,2021-02-04,5,2,0.03062737
Africa,2021-02-04,5,2,0.034436684
South America,2021-02-05,5,2,0.033908553
Europe,2021-02-05,5,2,0.029670605
Asia,2021-02-05,5,2,0.013277103
Africa,2021-02-05,5,2,0.034333415
North America,2021-02-05,5,2,0.041459292
Oceania,2021-02-05,5,2,0.0
South America,2021-02-06,5,2,0.03283105
Asia,2021-02-06,5,2,0.012452121
North America,2021-02-06,5,2,0.03347189
Europe,2021-02-06,5,2,0.026734449
Africa,2021-02-06,5,2,0.041004498
Oceania,2021-02-06,5,2,0.0
Oceania,2021-02-07,5,2,0.0
South America,2021-02-07,5,2,0.024113318
Asia,2021-02-07,5,2,0.013278021
Africa,2021-02-07,5,2,0.029896993
North America,2021-02-07,5,2,0.019632101
Europe,2021-02-07,5,2,0.02098592
Europe,2021-02-08,6,2,0.029476827
Asia,2021-02-08,6,2,0.015012286
North America,2021-02-08,6,2,0.022383012
Oceania,2021-02-08,6,2,0.0
South America,2021-02-08,6,2,0.08476575
Africa,2021-02-08,6,2,0.039084505
South America,2021-02-09,6,2,0.03210519
Oceania,2021-02-09,6,2,0.0
Asia,2021-02-09,6,2,0.013791076
North America,2021-02-09,6,2,0.044336155
Europe,2021-02-09,6,2,0.045809854
Africa,2021-02-09,6,2,0.06189675
South America,2021-02-10,6,2,0.029116541
Asia,2021-02-10,6,2,0.013651397
North America,2021-02-10,6,2,0.04266745
Europe,2021-02-10,6,2,0.032910373
Oceania,2021-02-10,6,2,0.0
Africa,2021-02-10,6,2,0.040859886
South America,2021-02-11,6,2,0.032780457
Oceania,2021-02-11,6,2,0.0
North America,2021-02-11,6,2,0.038769227
Asia,2021-02-11,6,2,0.012848724
Europe,2021-02-11,6,2,0.029840913
Africa,2021-02-11,6,2,0.0415373
Asia,2021-02-12,6,2,0.013207745
Africa,2021-02-12,6,2,0.040644556
Europe,2021-02-12,6,2,0.0312728
Oceania,2021-02-12,6,2,0.0
North America,2021-02-12,6,2,0.037058923
South America,2021-02-12,6,2,0.031311635
South America,2021-02-13,6,2,0.032912403
North America,2021-02-13,6,2,0.034390077
Europe,2021-02-13,6,2,0.025374837
Africa,2021-02-13,6,2,0.032110512
Oceania,2021-02-13,6,2,0.0
Asia,2021-02-13,6,2,0.0136076
South America,2021-02-14,6,2,0.03271751
North America,2021-02-14,6,2,0.022945585
Europe,2021-02-14,6,2,0.02044014
Africa,2021-02-14,6,2,0.028228516
Oceania,2021-02-14,6,2,0.0
Asia,2021-02-14,6,2,0.013631871
Oceania,2021-02-15,7,2,0.14285715
Asia,2021-02-15,7,2,0.011809299
Africa,2021-02-15,7,2,0.04773512
Europe,2021-02-15,7,2,0.028771222
North America,2021-02-15,7,2,0.024105426
South America,2021-02-15,7,2,0.034519196
South America,2021-02-16,7,2,0.032711644
North America,2021-02-16,7,2,0.04114689
Europe,2021-02-16,7,2,0.03699102
Oceania,2021-02-16,7,2,0.02
Asia,2021-02-16,7,2,0.013411104
Africa,2021-02-16,7,2,0.046546545
North America,2021-02-17,7,2,0.042306222
South America,2021-02-17,7,2,0.029352456
Oceania,2021-02-17,7,2,0.0
Africa,2021-02-17,7,2,0.03304834
Europe,2021-02-17,7,2,0.031047445
Asia,2021-02-17,7,2,0.012464557
Oceania,2021-02-18,7,2,0.0
South America,2021-02-18,7,2,0.034566097
Europe,2021-02-18,7,2,0.024602927
North America,2021-02-18,7,2,0.04318299
Africa,2021-02-18,7,2,0.036517654
Asia,2021-02-18,7,2,0.012902742
Oceania,2021-02-19,7,2,0.0
North America,2021-02-19,7,2,0.03797401
Africa,2021-02-19,7,2,0.034770012
Asia,2021-02-19,7,2,0.013639338
South America,2021-02-19,7,2,0.031631183
Europe,2021-02-19,7,2,0.026180431
North America,2021-02-20,7,2,0.032806557
Europe,2021-02-20,7,2,0.019853046
Africa,2021-02-20,7,2,0.03040151
South America,2021-02-20,7,2,0.027074678
Asia,2021-02-20,7,2,0.014481197
Oceania,2021-02-20,7,2,0.0
North America,2021-02-21,7,2,0.024554262
Europe,2021-02-21,7,2,0.015736755
Oceania,2021-02-21,7,2,0.0
Asia,2021-02-21,7,2,0.011618773
South America,2021-02-21,7,2,0.030845873
Africa,2021-02-21,7,2,0.035432655
Europe,2021-02-22,8,2,0.02678983
Oceania,2021-02-22,8,2,0.0
Africa,2021-02-22,8,2,0.037143808
South America,2021-02-22,8,2,0.03712428
North America,2021-02-22,8,2,0.027713733
Asia,2021-02-22,8,2,0.011211563
Europe,2021-02-23,8,2,0.029942201
Asia,2021-02-23,8,2,0.012825733
South America,2021-02-23,8,2,0.029633326
Oceania,2021-02-23,8,2,0.0
Africa,2021-02-23,8,2,0.0607037
North America,2021-02-23,8,2,0.041434586
Asia,2021-02-24,8,2,0.019713778
North America,2021-02-24,8,2,0.04828446
South America,2021-02-24,8,2,0.026537197
Oceania,2021-02-24,8,2,0.025
Africa,2021-02-24,8,2,0.031109838
Europe,2021-02-24,8,2,0.021385726
Oceania,2021-02-25,8,2,0.009803922
South America,2021-02-25,8,2,0.02848012
North America,2021-02-25,8,2,0.036734127
Europe,2021-02-25,8,2,0.018212706
Asia,2021-02-25,8,2,0.012517275
Africa,2021-02-25,8,2,0.028869482
Asia,2021-02-26,8,2,0.012923898
Europe,2021-02-26,8,2,0.022874145
Africa,2021-02-26,8,2,0.02861269
Oceania,2021-02-26,8,2,0.0
South America,2021-02-26,8,2,0.02633277
North America,2021-02-26,8,2,0.03257878
Europe,2021-02-27,8,2,0.017509714
Asia,2021-02-27,8,2,0.011181401
Oceania,2021-02-27,8,2,0.0
South America,2021-02-27,8,2,0.028283246
North America,2021-02-27,8,2,0.030469911
Africa,2021-02-27,8,2,0.04328396
Asia,2021-02-28,8,2,0.01219279
Africa,2021-02-28,8,2,0.023900574
Oceania,2021-02-28,8,2,0.0
Europe,2021-02-28,8,2,0.014590375
North America,2021-02-28,8,2,0.027751388
South America,2021-02-28,8,2,0.035400983
North America,2021-03-01,9,3,0.028840631
Europe,2021-03-01,9,3,0.026229352
Africa,2021-03-01,9,3,0.035840254
Asia,2021-03-01,9,3,0.010663885
Oceania,2021-03-01,9,3,0.019607844
South America,2021-03-01,9,3,0.03456356
North America,2021-03-02,9,3,0.042397317
Oceania,2021-03-02,9,3,0.0
South America,2021-03-02,9,3,0.027017532
Europe,2021-03-02,9,3,0.051948596
Africa,2021-03-02,9,3,0.0480731
Asia,2021-03-02,9,3,0.011513932
Europe,2021-03-03,9,3,0.02257704
Africa,2021-03-03,9,3,0.025405006
North America,2021-03-03,9,3,0.043837085
Oceania,2021-03-03,9,3,0.0
Asia,2021-03-03,9,3,0.010196875
South America,2021-03-03,9,3,0.03395102
Oceania,2021-03-04,9,3,0.0
Europe,2021-03-04,9,3,0.018777443
Africa,2021-03-04,9,3,0.02631579
Asia,2021-03-04,9,3,0.009962886
South America,2021-03-04,9,3,0.028902417
North America,2021-03-04,9,3,0.03469194
Oceania,2021-03-05,9,3,0.013888889
Africa,2021-03-05,9,3,0.026343519
Asia,2021-03-05,9,3,0.011682416
Europe,2021-03-05,9,3,0.021235066
North America,2021-03-05,9,3,0.031705856
South America,2021-03-05,9,3,0.03057089
South America,2021-03-06,9,3,0.024279555
North America,2021-03-06,9,3,0.032843646
Europe,2021-03-06,9,3,0.015528362
Asia,2021-03-06,9,3,0.008933874
Africa,2021-03-06,9,3,0.026595745
Oceania,2021-03-06,9,3,0.0
South America,2021-03-07,9,3,0.02083596
Africa,2021-03-07,9,3,0.02729851
North America,2021-03-07,9,3,0.020564042
Europe,2021-03-07,9,3,0.0133561855
Asia,2021-03-07,9,3,0.00889411
Oceania,2021-03-07,9,3,0.0
Africa,2021-03-08,10,3,0.040818524
South America,2021-03-08,10,3,0.034618787
Oceania,2021-03-08,10,3,0.0
North America,2021-03-08,10,3,0.020952275
Europe,2021-03-08,10,3,0.026835356
Asia,2021-03-08,10,3,0.012010345
North America,2021-03-09,10,3,0.03882814
South America,2021-03-09,10,3,0.03283845
Oceania,2021-03-09,10,3,0.0
Africa,2021-03-09,10,3,0.037027545
Europe,2021-03-09,10,3,0.022544064
Asia,2021-03-09,10,3,0.0101135215
Asia,2021-03-10,10,3,0.008921511
Africa,2021-03-10,10,3,0.028883984
North America,2021-03-10,10,3,0.03279232
Europe,2021-03-10,10,3,0.018719468
South America,2021-03-10,10,3,0.029677894
Oceania,2021-03-10,10,3,0.0
Asia,2021-03-11,10,3,0.008893485
Europe,2021-03-11,10,3,0.018231025
Oceania,2021-03-11,10,3,0.054945055
Africa,2021-03-11,10,3,0.021188665
South America,2021-03-11,10,3,0.030962758
North America,2021-03-11,10,3,0.030249596
Asia,2021-03-12,10,3,0.009379763
Oceania,2021-03-12,10,3,0.0
Africa,2021-03-12,10,3,0.023109669
Europe,2021-03-12,10,3,0.017367855
North America,2021-03-12,10,3,0.028815368
South America,2021-03-12,10,3,0.028053073
Europe,2021-03-13,10,3,0.014178334
South America,2021-03-13,10,3,0.028038088
North America,2021-03-13,10,3,0.026005553
Africa,2021-03-13,10,3,0.028383859
Oceania,2021-03-13,10,3,0.0
Asia,2021-03-13,10,3,0.009175658
Oceania,2021-03-14,10,3,0.0
Asia,2021-03-14,10,3,0.008885361
Europe,2021-03-14,10,3,0.0131426975
South America,2021-03-14,10,3,0.030713774
North America,2021-03-14,10,3,0.017261563
Africa,2021-03-14,10,3,0.029319005
South America,2021-03-15,11,3,0.038726524
North America,2021-03-15,11,3,0.016426422
Europe,2021-03-15,11,3,0.023414468
Asia,2021-03-15,11,3,0.00897846
Oceania,2021-03-15,11,3,0.04761905
Africa,2021-03-15,11,3,0.03659403
North America,2021-03-16,11,3,0.024043478
Asia,2021-03-16,11,3,0.00957476
Africa,2021-03-16,11,3,0.034018114
Oceania,2021-03-16,11,3,0.0
South America,2021-03-16,11,3,0.036904763
Europe,2021-03-16,11,3,0.020413825
Africa,2021-03-17,11,3,0.025234582
Oceania,2021-03-17,11,3,0.0
Europe,2021-03-17,11,3,0.016682522
South America,2021-03-17,11,3,0.027755821
Asia,2021-03-17,11,3,0.0075432155
North America,2021-03-17,11,3,0.028682422
Africa,2021-03-18,11,3,0.023091216
Europe,2021-03-18,11,3,0.014884778
Oceania,2021-03-18,11,3,0.032051284
South America,2021-03-18,11,3,0.032538563
Asia,2021-03-18,11,3,0.008007517
North America,2021-03-18,11,3,0.032513063
Asia,2021-03-19,11,3,0.0077186753
Europe,2021-03-19,11,3,0.015384615
South America,2021-03-19,11,3,0.032515112
North America,2021-03-19,11,3,0.022819016
Africa,2021-03-19,11,3,0.043106858
Oceania,2021-03-19,11,3,0.026595745
North America,2021-03-20,11,3,0.020866843
Asia,2021-03-20,11,3,0.0073744585
Africa,2021-03-20,11,3,0.021343445
Oceania,2021-03-20,11,3,0.0
South America,2021-03-20,11,3,0.03252575
Europe,2021-03-20,11,3,0.013958982
Asia,2021-03-21,11,3,0.025367955
Africa,2021-03-21,11,3,0.025043745
Oceania,2021-03-21,11,3,0.0
Europe,2021-03-21,11,3,0.011729732
South America,2021-03-21,11,3,0.023278972
North America,2021-03-21,11,3,0.02484815
Europe,2021-03-22,12,3,0.02159609
South America,2021-03-22,12,3,0.03225542
North America,2021-03-22,12,3,0.0141795855
Oceania,2021-03-22,12,3,0.0
Africa,2021-03-22,12,3,0.026768249
Asia,2021-03-22,12,3,0.008726495
Asia,2021-03-23,12,3,0.007969196
South America,2021-03-23,12,3,0.03545354
North America,2021-03-23,12,3,0.027199134
Africa,2021-03-23,12,3,0.03738101
Oceania,2021-03-23,12,3,0.0023980816
Europe,2021-03-23,12,3,0.021858405
North America,2021-03-24,12,3,0.021736123
Africa,2021-03-24,12,3,0.029503964
Europe,2021-03-24,12,3,0.014268202
South America,2021-03-24,12,3,0.026165925
Asia,2021-03-24,12,3,0.0076462924
Oceania,2021-03-24,12,3,0.0054644807
Africa,2021-03-25,12,3,0.030968154
North America,2021-03-25,12,3,0.024444338
South America,2021-03-25,12,3,0.027007733
Europe,2021-03-25,12,3,0.01611984
Asia,2021-03-25,12,3,0.0071934094
Oceania,2021-03-25,12,3,0.0
South America,2021-03-26,12,3,0.037484914
North America,2021-03-26,12,3,0.020687152
Africa,2021-03-26,12,3,0.018536584
Europe,2021-03-26,12,3,0.018739238
Asia,2021-03-26,12,3,0.0070701195
Oceania,2021-03-26,12,3,0.0
Europe,2021-03-27,12,3,0.013184727
Oceania,2021-03-27,12,3,0.0
North America,2021-03-27,12,3,0.019498903
South America,2021-03-27,12,3,0.03456613
Asia,2021-03-27,12,3,0.007660852
Africa,2021-03-27,12,3,0.02012723
Europe,2021-03-28,12,3,0.012514056
North America,2021-03-28,12,3,0.012699735
Africa,2021-03-28,12,3,0.020399064
South America,2021-03-28,12,3,0.03837321
Asia,2021-03-28,12,3,0.007153418
Oceania,2021-03-28,12,3,0.010869565
Europe,2021-03-29,13,3,0.021095935
North America,2021-03-29,13,3,0.012218167
Asia,2021-03-29,13,3,0.0074961735
Africa,2021-03-29,13,3,0.03234779
Oceania,2021-03-29,13,3,0.021390375
South America,2021-03-29,13,3,0.03943545
Asia,2021-03-30,13,3,0.007799315
South America,2021-03-30,13,3,0.04086315
North America,2021-03-30,13,3,0.024349075
Europe,2021-03-30,13,3,0.019237576
Oceania,2021-03-30,13,3,0.024911031
Africa,2021-03-30,13,3,0.028288398
North America,2021-03-31,13,3,0.020697923
Europe,2021-03-31,13,3,0.015708353
Asia,2021-03-31,13,3,0.008012917
Oceania,2021-03-31,13,3,0.010152284
Africa,2021-03-31,13,3,0.020029848
South America,2021-03-31,13,3,0.036334738
Oceania,2021-04-01,13,4,0.0
Africa,2021-04-01,13,4,0.018362662
Europe,2021-04-01,13,4,0.01532564
South America,2021-04-01,13,4,0.03476795
North America,2021-04-01,13,4,0.017734626
Asia,2021-04-01,13,4,0.007186801
Asia,2021-04-02,13,4,0.0076450855
Oceania,2021-04-02,13,4,0.0
Europe,2021-04-02,13,4,0.016661538
North America,2021-04-02,13,4,0.014334939
Africa,2021-04-02,13,4,0.018785795
South America,2021-04-02,13,4,0.035297543
South America,2021-04-03,13,4,0.041546952
Oceania,2021-04-03,13,4,0.0
North America,2021-04-03,13,4,0.013037364
Europe,2021-04-03,13,4,0.0208263
Asia,2021-04-03,13,4,0.0071668793
Africa,2021-04-03,13,4,0.019136576
Oceania,2021-04-04,13,4,0.0023041475
South America,2021-04-04,13,4,0.03212022
Europe,2021-04-04,13,4,0.011478197
North America,2021-04-04,13,4,0.011100221
Africa,2021-04-04,13,4,0.02849361
Asia,2021-04-04,13,4,0.007953579
Oceania,2021-04-05,14,4,0.015267176
Africa,2021-04-05,14,4,0.024934953
South America,2021-04-05,14,4,0.034539565
Asia,2021-04-05,14,4,0.0071040415
North America,2021-04-05,14,4,0.009355182
Europe,2021-04-05,14,4,0.024278987
South America,2021-04-06,14,4,0.041779842
Oceania,2021-04-06,14,4,0.0
North America,2021-04-06,14,4,0.018646752
Europe,2021-04-06,14,4,0.023587342
Asia,2021-04-06,14,4,0.008529748
Africa,2021-04-06,14,4,0.024552643
Africa,2021-04-07,14,4,0.022845898
North America,2021-04-07,14,4,0.036077313
Oceania,2021-04-07,14,4,0.003875969
Asia,2021-04-07,14,4,0.007430278
South America,2021-04-07,14,4,0.03518796
Europe,2021-04-07,14,4,0.02969704
South America,2021-04-08,14,4,0.036742065
Europe,2021-04-08,14,4,0.01569276
North America,2021-04-08,14,4,0.01720998
Oceania,2021-04-08,14,4,0.0
Africa,2021-04-08,14,4,0.02091402
Asia,2021-04-08,14,4,0.0071698516
Europe,2021-04-09,14,4,0.025434975
Oceania,2021-04-09,14,4,0.0
Asia,2021-04-09,14,4,0.007640462
Africa,2021-04-09,14,4,0.020924497
South America,2021-04-09,14,4,0.032623574
North America,2021-04-09,14,4,0.018430782
Asia,2021-04-10,14,4,0.007373355
Europe,2021-04-10,14,4,0.022311516
North America,2021-04-10,14,4,0.03424642
Oceania,2021-04-10,14,4,0.0
South America,2021-04-10,14,4,0.032897767
Africa,2021-04-10,14,4,0.022940027
Oceania,2021-04-11,14,4,0.0
North America,2021-04-11,14,4,0.008507076
Asia,2021-04-11,14,4,0.0075371545
South America,2021-04-11,14,4,0.03783583
Europe,2021-04-11,14,4,0.010524188
Africa,2021-04-11,14,4,0.029659277
North America,2021-04-12,15,4,0.01156041
Europe,2021-04-12,15,4,0.02493664
Africa,2021-04-12,15,4,0.025751494
Asia,2021-04-12,15,4,0.0076137194
South America,2021-04-12,15,4,0.034490716
Oceania,2021-04-12,15,4,0.011494253
Africa,2021-04-13,15,4,0.041410413
Oceania,2021-04-13,15,4,0.0
South America,2021-04-13,15,4,0.037035257
Asia,2021-04-13,15,4,0.0073197777
Europe,2021-04-13,15,4,0.020938253
North America,2021-04-13,15,4,0.016104488
Europe,2021-04-14,15,4,0.02026691
South America,2021-04-14,15,4,0.03813944
Asia,2021-04-14,15,4,0.0068854415
Oceania,2021-04-14,15,4,0.010869565
Africa,2021-04-14,15,4,0.02642729
North America,2021-04-14,15,4,0.01706247
South America,2021-04-15,15,4,0.039141554
Africa,2021-04-15,15,4,0.024831949
Asia,2021-04-15,15,4,0.0072458307
Oceania,2021-04-15,15,4,0.05022831
North America,2021-04-15,15,4,0.015465172
Europe,2021-04-15,15,4,0.01906496
Oceania,2021-04-16,15,4,0.0
Africa,2021-04-16,15,4,0.025468724
Asia,2021-04-16,15,4,0.0071672047
South America,2021-04-16,15,4,0.03067306
Europe,2021-04-16,15,4,0.019369729
North America,2021-04-16,15,4,0.0146789355
Oceania,2021-04-17,15,4,0.0
North America,2021-04-17,15,4,0.0196
Africa,2021-04-17,15,4,0.020958085
Asia,2021-04-17,15,4,0.0071332175
Europe,2021-04-17,15,4,0.01877893
South America,2021-04-17,15,4,0.03636056
Asia,2021-04-18,15,4,0.008118222
Africa,2021-04-18,15,4,0.026963407
North America,2021-04-18,15,4,0.009587246
South America,2021-04-18,15,4,0.031131914
Oceania,2021-04-18,15,4,0.017073171
Europe,2021-04-18,15,4,0.019180348
Africa,2021-04-19,16,4,0.034175333
Europe,2021-04-19,16,4,0.027980404
Asia,2021-04-19,16,4,0.008344114
Oceania,2021-04-19,16,4,0.008403362
South America,2021-04-19,16,4,0.038129337
North America,2021-04-19,16,4,0.009009009
North America,2021-04-20,16,4,0.019936774
Asia,2021-04-20,16,4,0.008257489
Oceania,2021-04-20,16,4,0.0
Europe,2021-04-20,16,4,0.021259855
Africa,2021-04-20,16,4,0.040604625
South America,2021-04-20,16,4,0.034773897
North America,2021-04-21,16,4,0.01899758
South America,2021-04-21,16,4,0.038522974
Oceania,2021-04-21,16,4,0.04761905
Asia,2021-04-21,16,4,0.008057333
Europe,2021-04-21,16,4,0.020983791
Africa,2021-04-21,16,4,0.026204921
South America,2021-04-22,16,4,0.03449293
Europe,2021-04-22,16,4,0.019098882
Africa,2021-04-22,16,4,0.024617111
Oceania,2021-04-22,16,4,0.01826484
Asia,2021-04-22,16,4,0.008176736
North America,2021-04-22,16,4,0.018718185
North America,2021-04-23,16,4,0.01652923
Oceania,2021-04-23,16,4,0.0
Asia,2021-04-23,16,4,0.008778464
Africa,2021-04-23,16,4,0.031255182
Europe,2021-04-23,16,4,0.021137014
South America,2021-04-23,16,4,0.036619943
North America,2021-04-24,16,4,0.017192869
Africa,2021-04-24,16,4,0.023342853
Asia,2021-04-24,16,4,0.009205474
South America,2021-04-24,16,4,0.034603603
Europe,2021-04-24,16,4,0.021120682
Oceania,2021-04-24,16,4,0.010869565
North America,2021-04-25,16,4,0.010950307
Asia,2021-04-25,16,4,0.009709333
South America,2021-04-25,16,4,0.038477737
Oceania,2021-04-25,16,4,0.0
Europe,2021-04-25,16,4,0.017812582
Africa,2021-04-25,16,4,0.03076435
Africa,2021-04-26,17,4,0.04328815
North America,2021-04-26,17,4,0.012656975
Asia,2021-04-26,17,4,0.010162735
Europe,2021-04-26,17,4,0.030642856
Oceania,2021-04-26,17,4,0.013513514
South America,2021-04-26,17,4,0.04014217
Oceania,2021-04-27,17,4,0.0
Europe,2021-04-27,17,4,0.02343994
North America,2021-04-27,17,4,0.01902846
Africa,2021-04-27,17,4,0.03735075
Asia,2021-04-27,17,4,0.0101958765
South America,2021-04-27,17,4,0.03773128
Europe,2021-04-28,17,4,0.02151141
Oceania,2021-04-28,17,4,0.018348623
Africa,2021-04-28,17,4,0.03579324
Asia,2021-04-28,17,4,0.010503987
North America,2021-04-28,17,4,0.020321704
South America,2021-04-28,17,4,0.03510784
North America,2021-04-29,17,4,0.019430272
Oceania,2021-04-29,17,4,0.0
South America,2021-04-29,17,4,0.040652476
Europe,2021-04-29,17,4,0.020937195
Africa,2021-04-29,17,4,0.025386242
Asia,2021-04-29,17,4,0.010147675
Asia,2021-04-30,17,4,0.0099831205
Europe,2021-04-30,17,4,0.02212057
Oceania,2021-04-30,17,4,0.0
South America,2021-04-30,17,4,0.030275606
Africa,2021-04-30,17,4,0.026798008
North America,2021-04-30,17,4,0.018166224
Asia,2021-05-01,17,5,0.010414865
Africa,2021-05-01,17,5,0.035602357
Oceania,2021-05-01,17,5,0.056338027
Europe,2021-05-01,17,5,0.021170944
North America,2021-05-01,17,5,0.01889798
South America,2021-05-01,17,5,0.036141116
South America,2021-05-02,17,5,0.034779117
Europe,2021-05-02,17,5,0.021797242
Africa,2021-05-02,17,5,0.037162706
North America,2021-05-02,17,5,0.012284701
Asia,2021-05-02,17,5,0.010719193
Oceania,2021-05-02,17,5,0.0
Oceania,2021-05-03,18,5,0.0
Africa,2021-05-03,18,5,0.03720324
Asia,2021-05-03,18,5,0.0109459665
North America,2021-05-03,18,5,0.01127354
South America,2021-05-03,18,5,0.051364414
Europe,2021-05-03,18,5,0.028847694
Asia,2021-05-04,18,5,0.010687302
Europe,2021-05-04,18,5,0.020247525
Africa,2021-05-04,18,5,0.04605444
South America,2021-05-04,18,5,0.033983275
North America,2021-05-04,18,5,0.02591076
Oceania,2021-05-04,18,5,0.1875
North America,2021-05-05,18,5,0.019741258
Africa,2021-05-05,18,5,0.03572541
Europe,2021-05-05,18,5,0.02250309
Asia,2021-05-05,18,5,0.010955513
South America,2021-05-05,18,5,0.03820085
Oceania,2021-05-05,18,5,0.0
Africa,2021-05-06,18,5,0.028846879
Asia,2021-05-06,18,5,0.010692876
South America,2021-05-06,18,5,0.032626346
North America,2021-05-06,18,5,0.018080175
Europe,2021-05-06,18,5,0.02309116
Oceania,2021-05-06,18,5,0.0026954177
Asia,2021-05-07,18,5,0.01132053
Africa,2021-05-07,18,5,0.030810235
Europe,2021-05-07,18,5,0.023047408
North America,2021-05-07,18,5,0.02265533
Oceania,2021-05-07,18,5,0.0
South America,2021-05-07,18,5,0.031479586
Asia,2021-05-08,18,5,0.011204302
Oceania,2021-05-08,18,5,0.0
Africa,2021-05-08,18,5,0.036244337
South America,2021-05-08,18,5,0.030724155
Europe,2021-05-08,18,5,0.023290806
North America,2021-05-08,18,5,0.021468317
Asia,2021-05-09,18,5,0.012260589
Oceania,2021-05-09,18,5,0.0
Europe,2021-05-09,18,5,0.024652801
Africa,2021-05-09,18,5,0.02641044
South America,2021-05-09,18,5,0.03204531
North America,2021-05-09,18,5,0.012883764
Asia,2021-05-10,19,5,0.013141886
Africa,2021-05-10,19,5,0.05045278
South America,2021-05-10,19,5,0.036386084
North America,2021-05-10,19,5,0.013135045
Europe,2021-05-10,19,5,0.028799655
Oceania,2021-05-10,19,5,0.0
Oceania,2021-05-11,19,5,0.02112676
Africa,2021-05-11,19,5,0.04326857
South America,2021-05-11,19,5,0.0333798
North America,2021-05-11,19,5,0.02443963
Asia,2021-05-11,19,5,0.013264843
Europe,2021-05-11,19,5,0.02279344
North America,2021-05-12,19,5,0.0233934
Africa,2021-05-12,19,5,0.033849556
Europe,2021-05-12,19,5,0.023667019
Asia,2021-05-12,19,5,0.012517631
South America,2021-05-12,19,5,0.029558113
Oceania,2021-05-12,19,5,0.0
Oceania,2021-05-13,19,5,0.015873017
South America,2021-05-13,19,5,0.03154985
Asia,2021-05-13,19,5,0.012676239
Europe,2021-05-13,19,5,0.025870103
Africa,2021-05-13,19,5,0.026601898
North America,2021-05-13,19,5,0.022938848
Oceania,2021-05-14,19,5,0.006342495
South America,2021-05-14,19,5,0.027054846
Asia,2021-05-14,19,5,0.013077755
Europe,2021-05-14,19,5,0.024116043
Africa,2021-05-14,19,5,0.030718394
North America,2021-05-14,19,5,0.017574985
Africa,2021-05-15,19,5,0.034315128
Oceania,2021-05-15,19,5,0.0
North America,2021-05-15,19,5,0.021060359
South America,2021-05-15,19,5,0.031898133
Asia,2021-05-15,19,5,0.014088627
Europe,2021-05-15,19,5,0.024290932
North America,2021-05-16,19,5,0.01595133
Africa,2021-05-16,19,5,0.031167015
Europe,2021-05-16,19,5,0.01940823
South America,2021-05-16,19,5,0.027363235
Oceania,2021-05-16,19,5,0.0
Asia,2021-05-16,19,5,0.016044147
Asia,2021-05-17,20,5,0.017090617
Europe,2021-05-17,20,5,0.029215483
South America,2021-05-17,20,5,0.03217454
North America,2021-05-17,20,5,0.014052625
Oceania,2021-05-17,20,5,0.0
Africa,2021-05-17,20,5,0.03517862
North America,2021-05-18,20,5,0.029798735
Asia,2021-05-18,20,5,0.01759916
Oceania,2021-05-18,20,5,0.0
South America,2021-05-18,20,5,0.030329864
Africa,2021-05-18,20,5,0.030158285
Europe,2021-05-18,20,5,0.028257884
South America,2021-05-19,20,5,0.029328352
Oceania,2021-05-19,20,5,0.011441648
Asia,2021-05-19,20,5,0.015055907
Europe,2021-05-19,20,5,0.022386739
North America,2021-05-19,20,5,0.021133164
Africa,2021-05-19,20,5,0.03497537
North America,2021-05-20,20,5,0.023717193
Oceania,2021-05-20,20,5,0.044827588
Africa,2021-05-20,20,5,0.032151546
South America,2021-05-20,20,5,0.025930919
Europe,2021-05-20,20,5,0.027233679
Asia,2021-05-20,20,5,0.016404934
South America,2021-05-21,20,5,0.027911602
Africa,2021-05-21,20,5,0.03657817
Oceania,2021-05-21,20,5,0.0
North America,2021-05-21,20,5,0.022359518
Asia,2021-05-21,20,5,0.01640915
Europe,2021-05-21,20,5,0.023227133
South America,2021-05-22,20,5,0.024578994
North America,2021-05-22,20,5,0.030225817
Oceania,2021-05-22,20,5,0.0
Asia,2021-05-22,20,5,0.015886035
Africa,2021-05-22,20,5,0.020923015
Europe,2021-05-22,20,5,0.023445241
Africa,2021-05-23,20,5,0.024695909
Asia,2021-05-23,20,5,0.019042952
South America,2021-05-23,20,5,0.025109263
North America,2021-05-23,20,5,0.014477482
Oceania,2021-05-23,20,5,0.0
Europe,2021-05-23,20,5,0.02077132
Europe,2021-05-24,21,5,0.024683606
Oceania,2021-05-24,21,5,0.006756757
South America,2021-05-24,21,5,0.023746818
Asia,2021-05-24,21,5,0.01765903
Africa,2021-05-24,21,5,0.032937303
North America,2021-05-24,21,5,0.02021363
Oceania,2021-05-25,21,5,0.0
Europe,2021-05-25,21,5,0.03876227
Asia,2021-05-25,21,5,0.018552026
Africa,2021-05-25,21,5,0.047790337
South America,2021-05-25,21,5,0.030548222
North America,2021-05-25,21,5,0.02876992
Oceania,2021-05-26,21,5,0.015706806
Africa,2021-05-26,21,5,0.021431088
Asia,2021-05-26,21,5,0.017686851
Europe,2021-05-26,21,5,0.02932775
North America,2021-05-26,21,5,0.037010197
South America,2021-05-26,21,5,0.024697926
Asia,2021-05-27,21,5,0.018250369
North America,2021-05-27,21,5,0.044587903
Africa,2021-05-27,21,5,0.024807528
Oceania,2021-05-27,21,5,0.034883723
South America,2021-05-27,21,5,0.026661986
Europe,2021-05-27,21,5,0.023214072
South America,2021-05-28,21,5,0.031318616
Asia,2021-05-28,21,5,0.019382117
Oceania,2021-05-28,21,5,0.0
North America,2021-05-28,21,5,0.029968625
Africa,2021-05-28,21,5,0.02410413
Europe,2021-05-28,21,5,0.023047788
North America,2021-05-29,21,5,0.0381869
Asia,2021-05-29,21,5,0.019525105
Africa,2021-05-29,21,5,0.021307057
South America,2021-05-29,21,5,0.024312634
Oceania,2021-05-29,21,5,0.0
Europe,2021-05-29,21,5,0.022918578
Europe,2021-05-30,21,5,0.019384405
Oceania,2021-05-30,21,5,0.0
South America,2021-05-30,21,5,0.024645664
Africa,2021-05-30,21,5,0.033847187
North America,2021-05-30,21,5,0.018172922
Asia,2021-05-30,21,5,0.019797545
Asia,2021-05-31,22,5,0.01992107
North America,2021-05-31,22,5,0.023285568
Europe,2021-05-31,22,5,0.029298687
Oceania,2021-05-31,22,5,0.0
South America,2021-05-31,22,5,0.02611186
Africa,2021-05-31,22,5,0.025045536
Europe,2021-06-01,22,6,0.027807686
North America,2021-06-01,22,6,0.020825779
Africa,2021-06-01,22,6,0.031561296
Asia,2021-06-01,22,6,0.02114166
South America,2021-06-01,22,6,0.026613906
Oceania,2021-06-01,22,6,0.0
Europe,2021-06-02,22,6,0.030511301
Asia,2021-06-02,22,6,0.020429945
Africa,2021-06-02,22,6,0.022516653
Oceania,2021-06-02,22,6,0.0
North America,2021-06-02,22,6,0.033334404
South America,2021-06-02,22,6,0.026324136
Asia,2021-06-03,22,6,0.01926353
Europe,2021-06-03,22,6,0.018629458
South America,2021-06-03,22,6,0.020258086
Oceania,2021-06-03,22,6,0.0
North America,2021-06-03,22,6,0.029721064
Africa,2021-06-03,22,6,0.016935429
Oceania,2021-06-04,22,6,0.0
Africa,2021-06-04,22,6,0.018611502
Europe,2021-06-04,22,6,0.026791612
North America,2021-06-04,22,6,0.029621793
Asia,2021-06-04,22,6,0.024029735
South America,2021-06-04,22,6,0.029014824
North America,2021-06-05,22,6,0.036742423
Europe,2021-06-05,22,6,0.026175976
Oceania,2021-06-05,22,6,0.016393442
South America,2021-06-05,22,6,0.023468656
Africa,2021-06-05,22,6,0.020302173
Asia,2021-06-05,22,6,0.021428255
Africa,2021-06-06,22,6,0.019426601
South America,2021-06-06,22,6,0.022250386
Oceania,2021-06-06,22,6,0.0
Asia,2021-06-06,22,6,0.022683376
Europe,2021-06-06,22,6,0.022214804
North America,2021-06-06,22,6,0.021766774
Europe,2021-06-07,23,6,0.025088629
Africa,2021-06-07,23,6,0.024482606
Asia,2021-06-07,23,6,0.022153864
Oceania,2021-06-07,23,6,0.0
South America,2021-06-07,23,6,0.030875273
North America,2021-06-07,23,6,0.02032027
South America,2021-06-08,23,6,0.033710383
Africa,2021-06-08,23,6,0.031885397
Europe,2021-06-08,23,6,0.034394465
Oceania,2021-06-08,23,6,0.0
North America,2021-06-08,23,6,0.02900798
Asia,2021-06-08,23,6,0.021861799
South America,2021-06-09,23,6,0.029254787
Oceania,2021-06-09,23,6,0.0
Africa,2021-06-09,23,6,0.019617354
Asia,2021-06-09,23,6,0.020599587
North America,2021-06-09,23,6,0.028500395
Europe,2021-06-09,23,6,0.026372537
Europe,2021-06-10,23,6,0.022956256
Asia,2021-06-10,23,6,0.05151854
Oceania,2021-06-10,23,6,0.0
North America,2021-06-10,23,6,0.027762929
South America,2021-06-10,23,6,0.028488012
Africa,2021-06-10,23,6,0.014625397
Europe,2021-06-11,23,6,0.026063163
North America,2021-06-11,23,6,0.02405534
Asia,2021-06-11,23,6,0.033174098
Oceania,2021-06-11,23,6,0.0
Africa,2021-06-11,23,6,0.019083012
South America,2021-06-11,23,6,0.02561793
North America,2021-06-12,23,6,0.03189011
Oceania,2021-06-12,23,6,0.0
Europe,2021-06-12,23,6,0.02290799
Africa,2021-06-12,23,6,0.015962802
South America,2021-06-12,23,6,0.024160683
Asia,2021-06-12,23,6,0.029759472
North America,2021-06-13,23,6,0.020137446
South America,2021-06-13,23,6,0.02991725
Asia,2021-06-13,23,6,0.037018728
Europe,2021-06-13,23,6,0.016668137
Oceania,2021-06-13,23,6,0.007142857
Africa,2021-06-13,23,6,0.01611088
Oceania,2021-06-14,24,6,0.0
Asia,2021-06-14,24,6,0.029930478
South America,2021-06-14,24,6,0.024645632
Africa,2021-06-14,24,6,0.02145868
North America,2021-06-14,24,6,0.016962629
Europe,2021-06-14,24,6,0.019945865
Africa,2021-06-15,24,6,0.023928266
Oceania,2021-06-15,24,6,0.007633588
North America,2021-06-15,24,6,0.028260183
Europe,2021-06-15,24,6,0.027839197
South America,2021-06-15,24,6,0.030565482
Asia,2021-06-15,24,6,0.027167665
Africa,2021-06-16,24,6,0.015856117
South America,2021-06-16,24,6,0.028124621
North America,2021-06-16,24,6,0.027752222
Asia,2021-06-16,24,6,0.024717448
Europe,2021-06-16,24,6,0.026524547
Oceania,2021-06-16,24,6,0.0
Europe,2021-06-17,24,6,0.023722146
South America,2021-06-17,24,6,0.028339952
Asia,2021-06-17,24,6,0.020288842
Oceania,2021-06-17,24,6,0.028037382
North America,2021-06-17,24,6,0.024443973
Africa,2021-06-17,24,6,0.014040619
Europe,2021-06-18,24,6,0.022426212
Africa,2021-06-18,24,6,0.016220702
South America,2021-06-18,24,6,0.024566075
Asia,2021-06-18,24,6,0.020620212
North America,2021-06-18,24,6,0.02663272
Oceania,2021-06-18,24,6,0.0
Africa,2021-06-19,24,6,0.017565291
Europe,2021-06-19,24,6,0.020376729
South America,2021-06-19,24,6,0.02729362
Oceania,2021-06-19,24,6,0.02020202
North America,2021-06-19,24,6,0.020385958
Asia,2021-06-19,24,6,0.021421328
South America,2021-06-20,24,6,0.025861101
Oceania,2021-06-20,24,6,0.0052083335
Africa,2021-06-20,24,6,0.016515994
Europe,2021-06-20,24,6,0.017116524
Asia,2021-06-20,24,6,0.02145135
North America,2021-06-20,24,6,0.026300522
South America,2021-06-21,25,6,0.031229844
Africa,2021-06-21,25,6,0.020547083
Europe,2021-06-21,25,6,0.019623538
Asia,2021-06-21,25,6,0.0197504
Oceania,2021-06-21,25,6,0.0
North America,2021-06-21,25,6,0.022603523
Oceania,2021-06-22,25,6,0.010152284
South America,2021-06-22,25,6,0.026389364
North America,2021-06-22,25,6,0.034882747
Asia,2021-06-22,25,6,0.019682128
Africa,2021-06-22,25,6,0.027904728
Europe,2021-06-22,25,6,0.022638215
North America,2021-06-23,25,6,0.032884955
Oceania,2021-06-23,25,6,0.010840109
South America,2021-06-23,25,6,0.023337035
Africa,2021-06-23,25,6,0.015389763
Europe,2021-06-23,25,6,0.021437455
Asia,2021-06-23,25,6,0.01908852
Asia,2021-06-24,25,6,0.01830058
North America,2021-06-24,25,6,0.02520863
Oceania,2021-06-24,25,6,0.0
Africa,2021-06-24,25,6,0.016058952
South America,2021-06-24,25,6,0.025153885
Europe,2021-06-24,25,6,0.019987376
Oceania,2021-06-25,25,6,0.003968254
Europe,2021-06-25,25,6,0.021598062
North America,2021-06-25,25,6,0.023682293
Asia,2021-06-25,25,6,0.018285412
South America,2021-06-25,25,6,0.026111819
Africa,2021-06-25,25,6,0.015050024
Oceania,2021-06-26,25,6,0.003058104
Africa,2021-06-26,25,6,0.014227466
Asia,2021-06-26,25,6,0.018709939
South America,2021-06-26,25,6,0.02396531
North America,2021-06-26,25,6,0.020612538
Europe,2021-06-26,25,6,0.021630615
Asia,2021-06-27,25,6,0.018013522
Africa,2021-06-27,25,6,0.016284987
North America,2021-06-27,25,6,0.01623816
Oceania,2021-06-27,25,6,0.0
South America,2021-06-27,25,6,0.023926219
Europe,2021-06-27,25,6,0.018483857
Oceania,2021-06-28,26,6,0.007246377
Asia,2021-06-28,26,6,0.0170685
Europe,2021-06-28,26,6,0.014738454
South America,2021-06-28,26,6,0.029209245
North America,2021-06-28,26,6,0.012943141
Africa,2021-06-28,26,6,0.021237377
South America,2021-06-29,26,6,0.026532399
North America,2021-06-29,26,6,0.03280245
Europe,2021-06-29,26,6,0.02076785
Asia,2021-06-29,26,6,0.015900973
Oceania,2021-06-29,26,6,0.011267605
Africa,2021-06-29,26,6,0.018361881
Asia,2021-06-30,26,6,0.016429266
North America,2021-06-30,26,6,0.022789882
South America,2021-06-30,26,6,0.03774036
Oceania,2021-06-30,26,6,0.0
Europe,2021-06-30,26,6,0.017026408
Africa,2021-06-30,26,6,0.02012783
Africa,2021-07-01,26,7,0.018483557
Europe,2021-07-01,26,7,0.0131209595
North America,2021-07-01,26,7,0.021652604
South America,2021-07-01,26,7,0.028962664
Asia,2021-07-01,26,7,0.015189343
Oceania,2021-07-01,26,7,0.006355932
Africa,2021-07-02,26,7,0.015819706
Oceania,2021-07-02,26,7,0.002202643
South America,2021-07-02,26,7,0.028126376
North America,2021-07-02,26,7,0.01668022
Asia,2021-07-02,26,7,0.015588543
Europe,2021-07-02,26,7,0.012722051
Oceania,2021-07-03,26,7,0.004830918
North America,2021-07-03,26,7,0.017152658
Europe,2021-07-03,26,7,0.014113482
Asia,2021-07-03,26,7,0.01620118
Africa,2021-07-03,26,7,0.011242945
South America,2021-07-03,26,7,0.026975779
North America,2021-07-04,26,7,0.013918709
Africa,2021-07-04,26,7,0.019720884
Asia,2021-07-04,26,7,0.017503362
Oceania,2021-07-04,26,7,0.005172414
South America,2021-07-04,26,7,0.03311547
Europe,2021-07-04,26,7,0.012284565
Oceania,2021-07-05,27,7,0.007915568
South America,2021-07-05,27,7,0.032237276
Asia,2021-07-05,27,7,0.013753562
Africa,2021-07-05,27,7,0.05335167
North America,2021-07-05,27,7,0.017744096
Europe,2021-07-05,27,7,0.009802691
Europe,2021-07-06,27,7,0.012289588
Oceania,2021-07-06,27,7,0.008941878
Africa,2021-07-06,27,7,0.022620017
South America,2021-07-06,27,7,0.02646523
Asia,2021-07-06,27,7,0.016288467
North America,2021-07-06,27,7,0.017017456
North America,2021-07-07,27,7,0.01614647
Oceania,2021-07-07,27,7,0.0068093385
Asia,2021-07-07,27,7,0.01731546
Europe,2021-07-07,27,7,0.010818267
Africa,2021-07-07,27,7,0.018323429
South America,2021-07-07,27,7,0.028397435
Asia,2021-07-08,27,7,0.016156342
Europe,2021-07-08,27,7,0.010819461
South America,2021-07-08,27,7,0.03015122
North America,2021-07-08,27,7,0.015295685
Oceania,2021-07-08,27,7,0.007792208
Africa,2021-07-08,27,7,0.019233208
Africa,2021-07-09,27,7,0.018751742
Oceania,2021-07-09,27,7,0.0032467532
North America,2021-07-09,27,7,0.011601383
Europe,2021-07-09,27,7,0.00858707
South America,2021-07-09,27,7,0.025760427
Asia,2021-07-09,27,7,0.01774834
Africa,2021-07-10,27,7,0.015176175
Europe,2021-07-10,27,7,0.0104794465
Oceania,2021-07-10,27,7,0.0033726813
North America,2021-07-10,27,7,0.015286378
South America,2021-07-10,27,7,0.018736258
Asia,2021-07-10,27,7,0.01640679
Africa,2021-07-11,27,7,0.017177671
Asia,2021-07-11,27,7,0.018249305
North America,2021-07-11,27,7,0.010967136
Oceania,2021-07-11,27,7,0.007633588
South America,2021-07-11,27,7,0.04946624
Europe,2021-07-11,27,7,0.010245316
Oceania,2021-07-12,28,7,0.0040281974
North America,2021-07-12,28,7,0.009388562
Africa,2021-07-12,28,7,0.018200262
South America,2021-07-12,28,7,0.035232577
Asia,2021-07-12,28,7,0.022771271
Europe,2021-07-12,28,7,0.007376382
South America,2021-07-13,28,7,0.03001643
Europe,2021-07-13,28,7,0.007777794
Oceania,2021-07-13,28,7,0.001321004
Asia,2021-07-13,28,7,0.01334453
Africa,2021-07-13,28,7,0.028200129
North America,2021-07-13,28,7,0.014327174
Europe,2021-07-14,28,7,0.008044199
South America,2021-07-14,28,7,0.02875703
North America,2021-07-14,28,7,0.012508698
Africa,2021-07-14,28,7,0.023954399
Oceania,2021-07-14,28,7,0.0
Asia,2021-07-14,28,7,0.01377317
Europe,2021-07-15,28,7,0.00710698
Africa,2021-07-15,28,7,0.01853528
Asia,2021-07-15,28,7,0.013135858
Oceania,2021-07-15,28,7,0.007591093
North America,2021-07-15,28,7,0.013302103
South America,2021-07-15,28,7,0.029510537
Africa,2021-07-16,28,7,0.02425238
Oceania,2021-07-16,28,7,0.004516129
South America,2021-07-16,28,7,0.030620059
North America,2021-07-16,28,7,0.00823324
Europe,2021-07-16,28,7,0.0066181426
Asia,2021-07-16,28,7,0.014886769
South America,2021-07-17,28,7,0.026349364
Africa,2021-07-17,28,7,0.0198575
Europe,2021-07-17,28,7,0.0077088294
North America,2021-07-17,28,7,0.011848611
Oceania,2021-07-17,28,7,0.0045489008
Asia,2021-07-17,28,7,0.014588695
Oceania,2021-07-18,28,7,0.011177988
Africa,2021-07-18,28,7,0.018654654
Asia,2021-07-18,28,7,0.01794035
North America,2021-07-18,28,7,0.011133297
Europe,2021-07-18,28,7,0.00776986
South America,2021-07-18,28,7,0.028501244
North America,2021-07-19,29,7,0.0075813327
Oceania,2021-07-19,29,7,0.023529412
Asia,2021-07-19,29,7,0.017587615
Europe,2021-07-19,29,7,0.005548764
Africa,2021-07-19,29,7,0.023912683
South America,2021-07-19,29,7,0.032738335
Oceania,2021-07-20,29,7,0.0127591705
North America,2021-07-20,29,7,0.011044572
Africa,2021-07-20,29,7,0.031220209
Europe,2021-07-20,29,7,0.0074010384
Asia,2021-07-20,29,7,0.030240828
South America,2021-07-20,29,7,0.03966508
South America,2021-07-21,29,7,0.028375076
North America,2021-07-21,29,7,0.010591339
Oceania,2021-07-21,29,7,0.017363852
Africa,2021-07-21,29,7,0.027725382
Asia,2021-07-21,29,7,0.01627701
Europe,2021-07-21,29,7,0.00699455
South America,2021-07-22,29,7,0.029335562
Asia,2021-07-22,29,7,0.015938459
Africa,2021-07-22,29,7,0.02570408
Europe,2021-07-22,29,7,0.007223249
Oceania,2021-07-22,29,7,0.013900956
North America,2021-07-22,29,7,0.010993017
North America,2021-07-23,29,7,0.0055861403
Asia,2021-07-23,29,7,0.012358256
Oceania,2021-07-23,29,7,0.017214397
Africa,2021-07-23,29,7,0.025312044
Europe,2021-07-23,29,7,0.007348063
South America,2021-07-23,29,7,0.01605055
South America,2021-07-24,29,7,0.029549733
Europe,2021-07-24,29,7,0.00947959
North America,2021-07-24,29,7,0.013332011
Asia,2021-07-24,29,7,0.024398666
Oceania,2021-07-24,29,7,0.0076754387
Africa,2021-07-24,29,7,0.030363858
Asia,2021-07-25,29,7,0.017002389
South America,2021-07-25,29,7,0.028935518
North America,2021-07-25,29,7,0.007198953
Oceania,2021-07-25,29,7,0.011378002
Europe,2021-07-25,29,7,0.009798744
Africa,2021-07-25,29,7,0.026902966
Europe,2021-07-26,30,7,0.0068429415
Africa,2021-07-26,30,7,0.026301146
Asia,2021-07-26,30,7,0.017643481
Oceania,2021-07-26,30,7,0.0088495575
North America,2021-07-26,30,7,0.0057109906
South America,2021-07-26,30,7,0.034960873
North America,2021-07-27,30,7,0.011759329
Europe,2021-07-27,30,7,0.008952642
Asia,2021-07-27,30,7,0.016626611
Africa,2021-07-27,30,7,0.027435236
Oceania,2021-07-27,30,7,0.010626992
South America,2021-07-27,30,7,0.02845577
Europe,2021-07-28,30,7,0.009485286
Asia,2021-07-28,30,7,0.015888264
Africa,2021-07-28,30,7,0.020767003
Oceania,2021-07-28,30,7,0.010542168
South America,2021-07-28,30,7,0.030163182
North America,2021-07-28,30,7,0.010678843
Oceania,2021-07-29,30,7,0.0060402686
Asia,2021-07-29,30,7,0.017119402
Africa,2021-07-29,30,7,0.02702363
South America,2021-07-29,30,7,0.039416518
Europe,2021-07-29,30,7,0.0071222913
North America,2021-07-29,30,7,0.007608342
Asia,2021-07-30,30,7,0.016400762
Africa,2021-07-30,30,7,0.018594705
Europe,2021-07-30,30,7,0.008391525
Oceania,2021-07-30,30,7,0.0050578034
North America,2021-07-30,30,7,0.006845998
South America,2021-07-30,30,7,0.028562145
Oceania,2021-07-31,30,7,0.003518649
Africa,2021-07-31,30,7,0.02411316
South America,2021-07-31,30,7,0.026437419
Asia,2021-07-31,30,7,0.018053398
North America,2021-07-31,30,7,0.011606237
Europe,2021-07-31,30,7,0.010361963
Africa,2021-08-01,30,8,0.026892722
South America,2021-08-01,30,8,0.026035765
North America,2021-08-01,30,8,0.008722184
Europe,2021-08-01,30,8,0.010728286
Asia,2021-08-01,30,8,0.015412586
Oceania,2021-08-01,30,8,0.0046242774
Africa,2021-08-02,31,8,0.025299562
Asia,2021-08-02,31,8,0.017260501
North America,2021-08-02,31,8,0.0057336222
Europe,2021-08-02,31,8,0.008418238
Oceania,2021-08-02,31,8,0.009413469
South America,2021-08-02,31,8,0.03053702
Asia,2021-08-03,31,8,0.01683573
Oceania,2021-08-03,31,8,0.006101695
North America,2021-08-03,31,8,0.010139585
Europe,2021-08-03,31,8,0.010987423
South America,2021-08-03,31,8,0.030763267
Africa,2021-08-03,31,8,0.030730186
North America,2021-08-04,31,8,0.010522366
Europe,2021-08-04,31,8,0.008907973
Africa,2021-08-04,31,8,0.025143312
Asia,2021-08-04,31,8,0.016167987
Oceania,2021-08-04,31,8,0.010738255
South America,2021-08-04,31,8,0.032110225
Africa,2021-08-05,31,8,0.018908573
Oceania,2021-08-05,31,8,0.009411764
Europe,2021-08-05,31,8,0.008814621
South America,2021-08-05,31,8,0.028994577
Asia,2021-08-05,31,8,0.019298393
North America,2021-08-05,31,8,0.009153755
Europe,2021-08-06,31,8,0.008737443
North America,2021-08-06,31,8,0.00668998
South America,2021-08-06,31,8,0.024155159
Oceania,2021-08-06,31,8,0.011764706
Africa,2021-08-06,31,8,0.024312418
Asia,2021-08-06,31,8,0.016996821
South America,2021-08-07,31,8,0.023065183
North America,2021-08-07,31,8,0.011526906
Oceania,2021-08-07,31,8,0.005181347
Africa,2021-08-07,31,8,0.021503896
Europe,2021-08-07,31,8,0.009959439
Asia,2021-08-07,31,8,0.016716827
North America,2021-08-08,31,8,0.009840377
Oceania,2021-08-08,31,8,0.0041536866
South America,2021-08-08,31,8,0.03334402
Asia,2021-08-08,31,8,0.01855785
Europe,2021-08-08,31,8,0.010042289
Africa,2021-08-08,31,8,0.021252563
Europe,2021-08-09,32,8,0.009488051
North America,2021-08-09,32,8,0.0048139095
Africa,2021-08-09,32,8,0.024170263
South America,2021-08-09,32,8,0.043359257
Oceania,2021-08-09,32,8,0.022110553
Asia,2021-08-09,32,8,0.016593354
North America,2021-08-10,32,8,0.011833367
South America,2021-08-10,32,8,0.03172032
Oceania,2021-08-10,32,8,0.018957347
Europe,2021-08-10,32,8,0.010391446
Africa,2021-08-10,32,8,0.018201316
Asia,2021-08-10,32,8,0.021971168
Europe,2021-08-11,32,8,0.008949922
Asia,2021-08-11,32,8,0.015791684
North America,2021-08-11,32,8,0.008863792
Africa,2021-08-11,32,8,0.03230747
South America,2021-08-11,32,8,0.02945393
Oceania,2021-08-11,32,8,0.015706806
Asia,2021-08-12,32,8,0.01749466
North America,2021-08-12,32,8,0.00979087
Oceania,2021-08-12,32,8,0.0083234245
Africa,2021-08-12,32,8,0.024687095
South America,2021-08-12,32,8,0.02725179
Europe,2021-08-12,32,8,0.008646349
Asia,2021-08-13,32,8,0.015695857
North America,2021-08-13,32,8,0.006915604
Africa,2021-08-13,32,8,0.027223993
Oceania,2021-08-13,32,8,0.016710643
Europe,2021-08-13,32,8,0.009029409
South America,2021-08-13,32,8,0.029893156
Europe,2021-08-14,32,8,0.010190168
Oceania,2021-08-14,32,8,0.017150396
South America,2021-08-14,32,8,0.02941438
Asia,2021-08-14,32,8,0.016943207
North America,2021-08-14,32,8,0.013543992
Africa,2021-08-14,32,8,0.020955699
Asia,2021-08-15,32,8,0.017250976
North America,2021-08-15,32,8,0.0069435583
Africa,2021-08-15,32,8,0.024837416
Europe,2021-08-15,32,8,0.010770125
South America,2021-08-15,32,8,0.026187109
Oceania,2021-08-15,32,8,0.015238095
Europe,2021-08-16,33,8,0.010484229
Africa,2021-08-16,33,8,0.026437564
North America,2021-08-16,33,8,0.0068984875
Oceania,2021-08-16,33,8,0.020689655
Asia,2021-08-16,33,8,0.02166702
South America,2021-08-16,33,8,0.030121261
Asia,2021-08-17,33,8,0.01568393
Oceania,2021-08-17,33,8,0.010963195
Europe,2021-08-17,33,8,0.011372448
Africa,2021-08-17,33,8,0.03284072
North America,2021-08-17,33,8,0.011269785
South America,2021-08-17,33,8,0.03271554
North America,2021-08-18,33,8,0.011304171
Asia,2021-08-18,33,8,0.016388524
Oceania,2021-08-18,33,8,0.0070422534
Europe,2021-08-18,33,8,0.010020268
South America,2021-08-18,33,8,0.027235966
Africa,2021-08-18,33,8,0.02322883
Oceania,2021-08-19,33,8,0.007894737
Europe,2021-08-19,33,8,0.00996315
South America,2021-08-19,33,8,0.028223932
North America,2021-08-19,33,8,0.013910348
Asia,2021-08-19,33,8,0.018124187
Africa,2021-08-19,33,8,0.019218547
Asia,2021-08-20,33,8,0.017052416
North America,2021-08-20,33,8,0.008543773
Africa,2021-08-20,33,8,0.018870972
South America,2021-08-20,33,8,0.027443938
Oceania,2021-08-20,33,8,0.0092857145
Europe,2021-08-20,33,8,0.009595353
Europe,2021-08-21,33,8,0.010668635
South America,2021-08-21,33,8,0.026597856
Asia,2021-08-21,33,8,0.017768666
North America,2021-08-21,33,8,0.015148751
Africa,2021-08-21,33,8,0.020415438
Oceania,2021-08-21,33,8,0.0035429583
South America,2021-08-22,33,8,0.03079271
North America,2021-08-22,33,8,0.009295779
Europe,2021-08-22,33,8,0.01085916
Oceania,2021-08-22,33,8,0.006472492
Africa,2021-08-22,33,8,0.023594195
Asia,2021-08-22,33,8,0.01975277
Europe,2021-08-23,34,8,0.012276308
North America,2021-08-23,34,8,0.00764368
South America,2021-08-23,34,8,0.030556908
Oceania,2021-08-23,34,8,0.00407332
Africa,2021-08-23,34,8,0.014544787
Asia,2021-08-23,34,8,0.021108825
Oceania,2021-08-24,34,8,0.008227374
Africa,2021-08-24,34,8,0.027514933
Europe,2021-08-24,34,8,0.011612217
Asia,2021-08-24,34,8,0.01749026
North America,2021-08-24,34,8,0.013171058
South America,2021-08-24,34,8,0.028734257
Europe,2021-08-25,34,8,0.010855222
Africa,2021-08-25,34,8,0.027658453
Oceania,2021-08-25,34,8,0.0062586926
Asia,2021-08-25,34,8,0.01626137
South America,2021-08-25,34,8,0.029999107
North America,2021-08-25,34,8,0.012915559
Europe,2021-08-26,34,8,0.011332154
Oceania,2021-08-26,34,8,0.0074880873
Asia,2021-08-26,34,8,0.015843563
North America,2021-08-26,34,8,0.01485662
Africa,2021-08-26,34,8,0.022086272
South America,2021-08-26,34,8,0.03048451
North America,2021-08-27,34,8,0.009915682
South America,2021-08-27,34,8,0.029400006
Africa,2021-08-27,34,8,0.02246134
Asia,2021-08-27,34,8,0.014716322
Oceania,2021-08-27,34,8,0.009239517
Europe,2021-08-27,34,8,0.013209393
North America,2021-08-28,34,8,0.016675582
Asia,2021-08-28,34,8,0.014946765
Africa,2021-08-28,34,8,0.027102105
Europe,2021-08-28,34,8,0.010090337
South America,2021-08-28,34,8,0.0283385
Oceania,2021-08-28,34,8,0.0036079374
Oceania,2021-08-29,34,8,0.0022148394
Europe,2021-08-29,34,8,0.011819845
South America,2021-08-29,34,8,0.026778031
Africa,2021-08-29,34,8,0.032043673
Asia,2021-08-29,34,8,0.014965041
North America,2021-08-29,34,8,0.011383844
Europe,2021-08-30,35,8,0.013794138
South America,2021-08-30,35,8,0.0359049
North America,2021-08-30,35,8,0.008043183
Oceania,2021-08-30,35,8,0.009021513
Africa,2021-08-30,35,8,0.029198034
Asia,2021-08-30,35,8,0.017387487
Asia,2021-08-31,35,8,0.012827821
South America,2021-08-31,35,8,0.03419174
Europe,2021-08-31,35,8,0.013556874
North America,2021-08-31,35,8,0.012279657
Oceania,2021-08-31,35,8,0.0073033706
Africa,2021-08-31,35,8,0.034305092
South America,2021-09-01,35,9,0.02932972
Africa,2021-09-01,35,9,0.020751469
North America,2021-09-01,35,9,0.0147943795
Europe,2021-09-01,35,9,0.010831406
Oceania,2021-09-01,35,9,0.007808433
Asia,2021-09-01,35,9,0.021250507
Africa,2021-09-02,35,9,0.030272668
Asia,2021-09-02,35,9,0.0120450435
Oceania,2021-09-02,35,9,0.0070635723
South America,2021-09-02,35,9,0.032572147
Europe,2021-09-02,35,9,0.012428763
North America,2021-09-02,35,9,0.01989948
Africa,2021-09-03,35,9,0.023352953
North America,2021-09-03,35,9,0.01062798
Oceania,2021-09-03,35,9,0.003974168
Europe,2021-09-03,35,9,0.012456959
Asia,2021-09-03,35,9,0.017060509
South America,2021-09-03,35,9,0.036978967
Europe,2021-09-04,35,9,0.011799719
North America,2021-09-04,35,9,0.014417532
Oceania,2021-09-04,35,9,0.0026455026
South America,2021-09-04,35,9,0.03137862
Africa,2021-09-04,35,9,0.02442043
Asia,2021-09-04,35,9,0.015983244
Asia,2021-09-05,35,9,0.015177315
Oceania,2021-09-05,35,9,0.0017482517
Europe,2021-09-05,35,9,0.011943111
South America,2021-09-05,35,9,0.02551488
North America,2021-09-05,35,9,0.012928337
Africa,2021-09-05,35,9,0.020891521
Africa,2021-09-06,36,9,0.03150573
North America,2021-09-06,36,9,0.012295202
Oceania,2021-09-06,36,9,0.012383901
Asia,2021-09-06,36,9,0.020973783
South America,2021-09-06,36,9,0.028826857
Europe,2021-09-06,36,9,0.01482875
South America,2021-09-07,36,9,0.025965543
North America,2021-09-07,36,9,0.011634569
Oceania,2021-09-07,36,9,0.006639428
Europe,2021-09-07,36,9,0.012223646
Africa,2021-09-07,36,9,0.031459067
Asia,2021-09-07,36,9,0.01730656
Oceania,2021-09-08,36,9,0.004538578
Asia,2021-09-08,36,9,0.015986921
North America,2021-09-08,36,9,0.01569151
Europe,2021-09-08,36,9,0.014149561
South America,2021-09-08,36,9,0.024899088
Africa,2021-09-08,36,9,0.021530591
Africa,2021-09-09,36,9,0.025867969
Asia,2021-09-09,36,9,0.013932
South America,2021-09-09,36,9,0.026148932
Europe,2021-09-09,36,9,0.011414568
North America,2021-09-09,36,9,0.02164902
Oceania,2021-09-09,36,9,0.007098121
Africa,2021-09-10,36,9,0.03131556
South America,2021-09-10,36,9,0.042528033
Europe,2021-09-10,36,9,0.013609224
North America,2021-09-10,36,9,0.011014774
Asia,2021-09-10,36,9,0.014508234
Oceania,2021-09-10,36,9,0.004014273
Oceania,2021-09-11,36,9,0.005482456
Africa,2021-09-11,36,9,0.024998402
North America,2021-09-11,36,9,0.021005124
Asia,2021-09-11,36,9,0.015855648
South America,2021-09-11,36,9,0.047561087
Europe,2021-09-11,36,9,0.013168546
North America,2021-09-12,36,9,0.012351201
Europe,2021-09-12,36,9,0.013038384
Oceania,2021-09-12,36,9,0.0037154988
Africa,2021-09-12,36,9,0.02923441
Asia,2021-09-12,36,9,0.014483347
South America,2021-09-12,36,9,0.03194542
Oceania,2021-09-13,37,9,0.0039931545
North America,2021-09-13,37,9,0.009537672
Africa,2021-09-13,37,9,0.03490318
Europe,2021-09-13,37,9,0.015051723
Asia,2021-09-13,37,9,0.020140512
South America,2021-09-13,37,9,0.045655258
Africa,2021-09-14,37,9,0.024147106
Oceania,2021-09-14,37,9,0.011985409
North America,2021-09-14,37,9,0.017596195
Europe,2021-09-14,37,9,0.016737953
South America,2021-09-14,37,9,0.046665754
Asia,2021-09-14,37,9,0.015439878
Africa,2021-09-15,37,9,0.025238233
Europe,2021-09-15,37,9,0.01521023
North America,2021-09-15,37,9,0.019296402
Asia,2021-09-15,37,9,0.015470119
Oceania,2021-09-15,37,9,0.0064260997
South America,2021-09-15,37,9,0.04837583
Europe,2021-09-16,37,9,0.013089257
Asia,2021-09-16,37,9,0.015549741
South America,2021-09-16,37,9,0.022930926
Oceania,2021-09-16,37,9,0.008449304
Africa,2021-09-16,37,9,0.027176201
North America,2021-09-16,37,9,0.022752589
Europe,2021-09-17,37,9,0.013800786
North America,2021-09-17,37,9,0.012483879
Oceania,2021-09-17,37,9,0.014413519
Asia,2021-09-17,37,9,0.014889768
South America,2021-09-17,37,9,0.032842867
Africa,2021-09-17,37,9,0.027701523
Africa,2021-09-18,37,9,0.033712823
Asia,2021-09-18,37,9,0.014320689
Oceania,2021-09-18,37,9,0.007977208
Europe,2021-09-18,37,9,0.013774723
South America,2021-09-18,37,9,0.17524855
North America,2021-09-18,37,9,0.0143904565
South America,2021-09-19,37,9,0.038157042
Europe,2021-09-19,37,9,0.013356855
North America,2021-09-19,37,9,0.020835444
Africa,2021-09-19,37,9,0.026438734
Oceania,2021-09-19,37,9,0.003123048
Asia,2021-09-19,37,9,0.014589787
South America,2021-09-20,38,9,0.022738919
Oceania,2021-09-20,38,9,0.009401287
Asia,2021-09-20,38,9,0.017101629
North America,2021-09-20,38,9,0.012864689
Europe,2021-09-20,38,9,0.01556619
Africa,2021-09-20,38,9,0.028939776
Asia,2021-09-21,38,9,0.014918699
Europe,2021-09-21,38,9,0.01664006
North America,2021-09-21,38,9,0.022173673
Oceania,2021-09-21,38,9,0.004484305
South America,2021-09-21,38,9,0.13066776
Africa,2021-09-21,38,9,0.035365853
Africa,2021-09-22,38,9,0.029586911
North America,2021-09-22,38,9,0.024046259
Asia,2021-09-22,38,9,0.014453458
South America,2021-09-22,38,9,0.025071174
Europe,2021-09-22,38,9,0.014820293
Oceania,2021-09-22,38,9,0.012449978
Africa,2021-09-23,38,9,0.03154445
North America,2021-09-23,38,9,0.026997827
Oceania,2021-09-23,38,9,0.008205128
Europe,2021-09-23,38,9,0.014481888
Asia,2021-09-23,38,9,0.0129130045
South America,2021-09-23,38,9,0.027622705
South America,2021-09-24,38,9,0.033451777
Europe,2021-09-24,38,9,0.014621912
Africa,2021-09-24,38,9,0.04585509
Oceania,2021-09-24,38,9,0.010135135
Asia,2021-09-24,38,9,0.012381045
North America,2021-09-24,38,9,0.015898706
Europe,2021-09-25,38,9,0.013756045
Asia,2021-09-25,38,9,0.01245454
Oceania,2021-09-25,38,9,0.008790072
North America,2021-09-25,38,9,0.014140085
Africa,2021-09-25,38,9,0.029193316
South America,2021-09-25,38,9,0.029684681
Europe,2021-09-26,38,9,0.013164263
Africa,2021-09-26,38,9,0.03898966
Oceania,2021-09-26,38,9,0.008978676
North America,2021-09-26,38,9,0.019929042
Asia,2021-09-26,38,9,0.012455259
South America,2021-09-26,38,9,0.03378432
North America,2021-09-27,39,9,0.014338922
Europe,2021-09-27,39,9,0.015929906
South America,2021-09-27,39,9,0.020976027
Asia,2021-09-27,39,9,0.017246654
Oceania,2021-09-27,39,9,0.0066941297
Africa,2021-09-27,39,9,0.050115146
Oceania,2021-09-28,39,9,0.027069235
North America,2021-09-28,39,9,0.025626827
Asia,2021-09-28,39,9,0.016107904
Europe,2021-09-28,39,9,0.015606082
Africa,2021-09-28,39,9,0.044216525
South America,2021-09-28,39,9,0.040932067
South America,2021-09-29,39,9,0.035089757
North America,2021-09-29,39,9,0.023019167
Oceania,2021-09-29,39,9,0.005890506
Europe,2021-09-29,39,9,0.014588677
Africa,2021-09-29,39,9,0.021009464
Asia,2021-09-29,39,9,0.015505614
Asia,2021-09-30,39,9,0.012980314
Africa,2021-09-30,39,9,0.03501287
Europe,2021-09-30,39,9,0.013746777
South America,2021-09-30,39,9,0.022686727
North America,2021-09-30,39,9,0.026490264
Oceania,2021-09-30,39,9,0.008116883
Oceania,2021-10-01,39,10,0.008136095
South America,2021-10-01,39,10,0.026473703
Asia,2021-10-01,39,10,0.01220361
North America,2021-10-01,39,10,0.016403666
Europe,2021-10-01,39,10,0.013940278
Africa,2021-10-01,39,10,0.02841263
Africa,2021-10-02,39,10,0.033013675
Europe,2021-10-02,39,10,0.014029976
North America,2021-10-02,39,10,0.025597466
Asia,2021-10-02,39,10,0.012793337
South America,2021-10-02,39,10,0.030258564
Oceania,2021-10-02,39,10,0.0064814813
Oceania,2021-10-03,39,10,0.006229037
North America,2021-10-03,39,10,0.012719489
Europe,2021-10-03,39,10,0.01425602
Africa,2021-10-03,39,10,0.04344638
Asia,2021-10-03,39,10,0.011648767
South America,2021-10-03,39,10,0.021517683
Europe,2021-10-04,40,10,0.016404841
Asia,2021-10-04,40,10,0.01577415
Oceania,2021-10-04,40,10,0.004290311
Africa,2021-10-04,40,10,0.042223636
North America,2021-10-04,40,10,0.015751822
South America,2021-10-04,40,10,0.020939173
North America,2021-10-05,40,10,0.019337188
Oceania,2021-10-05,40,10,0.010612245
Africa,2021-10-05,40,10,0.037333332
Asia,2021-10-05,40,10,0.012655824
Europe,2021-10-05,40,10,0.017321287
South America,2021-10-05,40,10,0.029236676
Africa,2021-10-06,40,10,0.024522945
Oceania,2021-10-06,40,10,0.008540372
Europe,2021-10-06,40,10,0.015075285
South America,2021-10-06,40,10,0.028450917
Asia,2021-10-06,40,10,0.011476129
North America,2021-10-06,40,10,0.02741299
Europe,2021-10-07,40,10,0.014067563
Asia,2021-10-07,40,10,0.013892479
Oceania,2021-10-07,40,10,0.008665511
North America,2021-10-07,40,10,0.029955482
Africa,2021-10-07,40,10,0.0404316
South America,2021-10-07,40,10,0.03599474
Asia,2021-10-08,40,10,0.013232802
Africa,2021-10-08,40,10,0.052226588
Europe,2021-10-08,40,10,0.014927288
South America,2021-10-08,40,10,0.022016503
Oceania,2021-10-08,40,10,0.007078507
North America,2021-10-08,40,10,0.017214408
Asia,2021-10-09,40,10,0.013300321
North America,2021-10-09,40,10,0.0128751015
Africa,2021-10-09,40,10,0.036886994
South America,2021-10-09,40,10,0.022799436
Oceania,2021-10-09,40,10,0.004385965
Europe,2021-10-09,40,10,0.013672496
Africa,2021-10-10,40,10,0.048490003
Oceania,2021-10-10,40,10,0.0057971017
North America,2021-10-10,40,10,0.02009391
Asia,2021-10-10,40,10,0.01156045
Europe,2021-10-10,40,10,0.013878452
South America,2021-10-10,40,10,0.021805054
Europe,2021-10-11,41,10,0.015768763
Oceania,2021-10-11,41,10,0.006739243
Africa,2021-10-11,41,10,0.03839055
North America,2021-10-11,41,10,0.013867488
South America,2021-10-11,41,10,0.027819298
Asia,2021-10-11,41,10,0.013689767
Asia,2021-10-12,41,10,0.01349975
Europe,2021-10-12,41,10,0.016799403
Africa,2021-10-12,41,10,0.04665242
South America,2021-10-12,41,10,0.026490066
North America,2021-10-12,41,10,0.024481123
Oceania,2021-10-12,41,10,0.009905077
Europe,2021-10-13,41,10,0.015298883
Asia,2021-10-13,41,10,0.012779134
Africa,2021-10-13,41,10,0.027353426
South America,2021-10-13,41,10,0.021073053
North America,2021-10-13,41,10,0.028301682
Oceania,2021-10-13,41,10,0.011901033
Europe,2021-10-14,41,10,0.014170966
North America,2021-10-14,41,10,0.025991157
South America,2021-10-14,41,10,0.031032592
Africa,2021-10-14,41,10,0.029374804
Oceania,2021-10-14,41,10,0.0049784267
Asia,2021-10-14,41,10,0.013841982
Asia,2021-10-15,41,10,0.012400593
Oceania,2021-10-15,41,10,0.003325021
North America,2021-10-15,41,10,0.019373938
South America,2021-10-15,41,10,0.029529465
Africa,2021-10-15,41,10,0.03854461
Europe,2021-10-15,41,10,0.013533834
Africa,2021-10-16,41,10,0.048505846
South America,2021-10-16,41,10,0.033790726
Europe,2021-10-16,41,10,0.013368951
North America,2021-10-16,41,10,0.019980507
Oceania,2021-10-16,41,10,0.0076404493
Asia,2021-10-16,41,10,0.01249224
Oceania,2021-10-17,41,10,0.005181347
South America,2021-10-17,41,10,0.019219264
Europe,2021-10-17,41,10,0.013098122
Asia,2021-10-17,41,10,0.0113021005
North America,2021-10-17,41,10,0.016245488
Africa,2021-10-17,41,10,0.048707005
Europe,2021-10-18,42,10,0.014099623
North America,2021-10-18,42,10,0.018551102
Oceania,2021-10-18,42,10,0.018727802
Asia,2021-10-18,42,10,0.013229565
Africa,2021-10-18,42,10,0.024087591
South America,2021-10-18,42,10,0.024414908
Europe,2021-10-19,42,10,0.015408065
Asia,2021-10-19,42,10,0.012820854
North America,2021-10-19,42,10,0.02935513
South America,2021-10-19,42,10,0.030571444
Oceania,2021-10-19,42,10,0.008283133
Africa,2021-10-19,42,10,0.03964321
Africa,2021-10-20,42,10,0.053423464
Oceania,2021-10-20,42,10,0.0041639972
North America,2021-10-20,42,10,0.036065232
Europe,2021-10-20,42,10,0.013323926
Asia,2021-10-20,42,10,0.01023906
South America,2021-10-20,42,10,0.02085948
Asia,2021-10-21,42,10,0.014147551
North America,2021-10-21,42,10,0.027055826
Europe,2021-10-21,42,10,0.0127094565
Africa,2021-10-21,42,10,0.04368421
Oceania,2021-10-21,42,10,0.011089367
South America,2021-10-21,42,10,0.023431994
Oceania,2021-10-22,42,10,0.009494873
South America,2021-10-22,42,10,0.026194014
Asia,2021-10-22,42,10,0.017291345
Europe,2021-10-22,42,10,0.012989619
North America,2021-10-22,42,10,0.02177592
Africa,2021-10-22,42,10,0.04001721
Oceania,2021-10-23,42,10,0.006643047
Africa,2021-10-23,42,10,0.04808909
Europe,2021-10-23,42,10,0.013684595
South America,2021-10-23,42,10,0.020670308
North America,2021-10-23,42,10,0.023663873
Asia,2021-10-23,42,10,0.015275369
South America,2021-10-24,42,10,0.021649787
Europe,2021-10-24,42,10,0.013177687
North America,2021-10-24,42,10,0.012978762
Africa,2021-10-24,42,10,0.047234308
Asia,2021-10-24,42,10,0.01506973
Oceania,2021-10-24,42,10,0.0063173543
Asia,2021-10-25,43,10,0.016837042
North America,2021-10-25,43,10,0.015129247
Oceania,2021-10-25,43,10,0.002295684
South America,2021-10-25,43,10,0.024365569
Africa,2021-10-25,43,10,0.028498955
Europe,2021-10-25,43,10,0.014149031
Oceania,2021-10-26,43,10,0.0071396697
North America,2021-10-26,43,10,0.022906967
Europe,2021-10-26,43,10,0.015472642
Asia,2021-10-26,43,10,0.016809529
South America,2021-10-26,43,10,0.028025806
Africa,2021-10-26,43,10,0.05098684
North America,2021-10-27,43,10,0.023306582
South America,2021-10-27,43,10,0.021211201
Europe,2021-10-27,43,10,0.014297135
Asia,2021-10-27,43,10,0.018622493
Africa,2021-10-27,43,10,0.042051893
Oceania,2021-10-27,43,10,0.010953347
North America,2021-10-28,43,10,0.02917257
Asia,2021-10-28,43,10,0.01791352
Africa,2021-10-28,43,10,0.039421555
Oceania,2021-10-28,43,10,0.00935772
Europe,2021-10-28,43,10,0.013929448
South America,2021-10-28,43,10,0.022998922
Africa,2021-10-29,43,10,0.04035766
Asia,2021-10-29,43,10,0.015874196
Oceania,2021-10-29,43,10,0.017635843
North America,2021-10-29,43,10,0.02089447
Europe,2021-10-29,43,10,0.013011593
South America,2021-10-29,43,10,0.024381816
North America,2021-10-30,43,10,0.01971406
Asia,2021-10-30,43,10,0.018886529
Oceania,2021-10-30,43,10,0.009789157
Africa,2021-10-30,43,10,0.04110092
Europe,2021-10-30,43,10,0.013187135
South America,2021-10-30,43,10,0.017876133
South America,2021-10-31,43,10,0.016216625
Oceania,2021-10-31,43,10,0.0049129077
Europe,2021-10-31,43,10,0.014189116
Asia,2021-10-31,43,10,0.013471809
Africa,2021-10-31,43,10,0.0409339
North America,2021-10-31,43,10,0.010901283
South America,2021-11-01,44,11,0.02484721
Africa,2021-11-01,44,11,0.03970407
Oceania,2021-11-01,44,11,0.009279086
North America,2021-11-01,44,11,0.011976685
Europe,2021-11-01,44,11,0.015072706
Asia,2021-11-01,44,11,0.01635035
Asia,2021-11-02,44,11,0.0132387625
Europe,2021-11-02,44,11,0.017321993
North America,2021-11-02,44,11,0.019879187
Oceania,2021-11-02,44,11,0.018723994
Africa,2021-11-02,44,11,0.042357743
South America,2021-11-02,44,11,0.019405136
Africa,2021-11-03,44,11,0.035520054
South America,2021-11-03,44,11,0.013559474
Asia,2021-11-03,44,11,0.01591512
Europe,2021-11-03,44,11,0.013024921
North America,2021-11-03,44,11,0.025258409
Oceania,2021-11-03,44,11,0.007459903
Asia,2021-11-04,44,11,0.013315075
Africa,2021-11-04,44,11,0.05127531
Europe,2021-11-04,44,11,0.013297188
South America,2021-11-04,44,11,0.02376833
North America,2021-11-04,44,11,0.016407957
Oceania,2021-11-04,44,11,0.008591065
South America,2021-11-05,44,11,0.023125106
North America,2021-11-05,44,11,0.023618067
Europe,2021-11-05,44,11,0.013534727
Africa,2021-11-05,44,11,0.024591018
Asia,2021-11-05,44,11,0.015647694
Oceania,2021-11-05,44,11,0.0126643935
Europe,2021-11-06,44,11,0.01337495
Oceania,2021-11-06,44,11,0.0066622254
Asia,2021-11-06,44,11,0.016775535
Africa,2021-11-06,44,11,0.05300605
South America,2021-11-06,44,11,0.021858962
North America,2021-11-06,44,11,0.02218484
Europe,2021-11-07,44,11,0.012983976
North America,2021-11-07,44,11,0.007648515
South America,2021-11-07,44,11,0.012716431
Oceania,2021-11-07,44,11,0.0084951455
Africa,2021-11-07,44,11,0.05559906
Asia,2021-11-07,44,11,0.013483831
Africa,2021-11-08,45,11,0.040468313
Oceania,2021-11-08,45,11,0.008417509
Europe,2021-11-08,45,11,0.013963794
Asia,2021-11-08,45,11,0.015032518
South America,2021-11-08,45,11,0.021636596
North America,2021-11-08,45,11,0.011992429
Asia,2021-11-09,45,11,0.014533479
Oceania,2021-11-09,45,11,0.015862068
South America,2021-11-09,45,11,0.0149741825
North America,2021-11-09,45,11,0.021892508
Europe,2021-11-09,45,11,0.015946494
Africa,2021-11-09,45,11,0.046248462
Oceania,2021-11-10,45,11,0.0050343247
Africa,2021-11-10,45,11,0.03038402
Asia,2021-11-10,45,11,0.012820249
South America,2021-11-10,45,11,0.018630434
North America,2021-11-10,45,11,0.017747745
Europe,2021-11-10,45,11,0.012946171
Europe,2021-11-11,45,11,0.012329686
Oceania,2021-11-11,45,11,0.0064252336
Asia,2021-11-11,45,11,0.01730872
Africa,2021-11-11,45,11,0.04396388
North America,2021-11-11,45,11,0.021257957
South America,2021-11-11,45,11,0.012781426
Africa,2021-11-12,45,11,0.0470229
South America,2021-11-12,45,11,0.015053434
Oceania,2021-11-12,45,11,0.009906152
North America,2021-11-12,45,11,0.017219346
Asia,2021-11-12,45,11,0.017339388
Europe,2021-11-12,45,11,0.012163195
North America,2021-11-13,45,11,0.016648687
Asia,2021-11-13,45,11,0.016240966
Europe,2021-11-13,45,11,0.012914889
South America,2021-11-13,45,11,0.036191706
Oceania,2021-11-13,45,11,0.0032722512
Africa,2021-11-13,45,11,0.049284577
Africa,2021-11-14,45,11,0.04429195
South America,2021-11-14,45,11,0.014251962
Oceania,2021-11-14,45,11,0.01006192
Asia,2021-11-14,45,11,0.015058725
Europe,2021-11-14,45,11,0.012177594
North America,2021-11-14,45,11,0.0118237
Oceania,2021-11-15,46,11,0.02
North America,2021-11-15,46,11,0.0101270955
Europe,2021-11-15,46,11,0.012499745
Africa,2021-11-15,46,11,0.043333333
South America,2021-11-15,46,11,0.02460244
Asia,2021-11-15,46,11,0.015316759
Asia,2021-11-16,46,11,0.015177047
North America,2021-11-16,46,11,0.0156426
Oceania,2021-11-16,46,11,0.006024096
Africa,2021-11-16,46,11,0.053037036
Europe,2021-11-16,46,11,0.0137060685
South America,2021-11-16,46,11,0.01917472
Europe,2021-11-17,46,11,0.012191409
Africa,2021-11-17,46,11,0.04146549
South America,2021-11-17,46,11,0.02351118
North America,2021-11-17,46,11,0.017388042
Asia,2021-11-17,46,11,0.01807184
Oceania,2021-11-17,46,11,0.008660508
Asia,2021-11-18,46,11,0.018677136
Europe,2021-11-18,46,11,0.011193285
Africa,2021-11-18,46,11,0.03449024
North America,2021-11-18,46,11,0.014475352
Oceania,2021-11-18,46,11,0.008211143
South America,2021-11-18,46,11,0.020927446
North America,2021-11-19,46,11,0.014229124
Africa,2021-11-19,46,11,0.031478968
Oceania,2021-11-19,46,11,0.0247191
Europe,2021-11-19,46,11,0.011423747
South America,2021-11-19,46,11,0.016662328
Asia,2021-11-19,46,11,0.015556265
South America,2021-11-20,46,11,0.017460998
Europe,2021-11-20,46,11,0.01114348
Oceania,2021-11-20,46,11,0.003717472
Asia,2021-11-20,46,11,0.01575611
Africa,2021-11-20,46,11,0.034820825
North America,2021-11-20,46,11,0.012548911
North America,2021-11-21,46,11,0.00899597
Europe,2021-11-21,46,11,0.010064901
Asia,2021-11-21,46,11,0.014707929
South America,2021-11-21,46,11,0.013880126
Oceania,2021-11-21,46,11,0.0038230475
Africa,2021-11-21,46,11,0.034169942
Oceania,2021-11-22,47,11,0.049841773
South America,2021-11-22,47,11,0.024347367
Africa,2021-11-22,47,11,0.03507729
Asia,2021-11-22,47,11,0.017508818
Europe,2021-11-22,47,11,0.010571494
North America,2021-11-22,47,11,0.00934241
South America,2021-11-23,47,11,0.022815863
Asia,2021-11-23,47,11,0.013356781
Africa,2021-11-23,47,11,0.047446202
Europe,2021-11-23,47,11,0.012611681
North America,2021-11-23,47,11,0.014158772
Oceania,2021-11-23,47,11,0.0027578599
Oceania,2021-11-24,47,11,0.01046832
South America,2021-11-24,47,11,0.019002797
Asia,2021-11-24,47,11,0.015409692
Europe,2021-11-24,47,11,0.010462967
North America,2021-11-24,47,11,0.017298527
Africa,2021-11-24,47,11,0.029448362
South America,2021-11-25,47,11,0.019456467
Africa,2021-11-25,47,11,0.036753446
Asia,2021-11-25,47,11,0.016919836
North America,2021-11-25,47,11,0.022110946
Oceania,2021-11-25,47,11,0.0041173445
Europe,2021-11-25,47,11,0.010327747
Asia,2021-11-26,47,11,0.016552007
Africa,2021-11-26,47,11,0.02111693
Europe,2021-11-26,47,11,0.009872337
South America,2021-11-26,47,11,0.020734997
North America,2021-11-26,47,11,0.008404879
Oceania,2021-11-26,47,11,0.0035128805
Europe,2021-11-27,47,11,0.0108106565
Oceania,2021-11-27,47,11,0.0036205647
North America,2021-11-27,47,11,0.009553605
Asia,2021-11-27,47,11,0.019552484
Africa,2021-11-27,47,11,0.021766504
South America,2021-11-27,47,11,0.020661157
Europe,2021-11-28,47,11,0.010362276
North America,2021-11-28,47,11,0.008618895
Asia,2021-11-28,47,11,0.015721777
Africa,2021-11-28,47,11,0.012919433
South America,2021-11-28,47,11,0.01940184
Oceania,2021-11-28,47,11,0.004103967
Asia,2021-11-29,48,11,0.015360116
Europe,2021-11-29,48,11,0.010615593
South America,2021-11-29,48,11,0.030515932
North America,2021-11-29,48,11,0.010477146
Africa,2021-11-29,48,11,0.024671054
Oceania,2021-11-29,48,11,0.0076687117
Oceania,2021-11-30,48,11,0.003629764
North America,2021-11-30,48,11,0.012459607
Africa,2021-11-30,48,11,0.017150396
South America,2021-11-30,48,11,0.025467526
Europe,2021-11-30,48,11,0.01158642
Asia,2021-11-30,48,11,0.013921268
Oceania,2021-12-01,48,12,0.0056179776
Africa,2021-12-01,48,12,0.012015712
North America,2021-12-01,48,12,0.016829075
South America,2021-12-01,48,12,0.020393746
Asia,2021-12-01,48,12,0.01736753
Europe,2021-12-01,48,12,0.010301311
South America,2021-12-02,48,12,0.018022528
Europe,2021-12-02,48,12,0.009746678
Asia,2021-12-02,48,12,0.015836908
North America,2021-12-02,48,12,0.026927266
Oceania,2021-12-02,48,12,0.00921659
Africa,2021-12-02,48,12,0.009473947
North America,2021-12-03,48,12,0.012558766
Africa,2021-12-03,48,12,0.005724658
South America,2021-12-03,48,12,0.018418409
Oceania,2021-12-03,48,12,0.004862237
Asia,2021-12-03,48,12,0.01768749
Europe,2021-12-03,48,12,0.010257085
Oceania,2021-12-04,48,12,0.0058953576
South America,2021-12-04,48,12,0.0154995425
North America,2021-12-04,48,12,0.008341705
Africa,2021-12-04,48,12,0.00477234
Asia,2021-12-04,48,12,0.014535666
Europe,2021-12-04,48,12,0.010151692
South America,2021-12-05,48,12,0.015336186
Asia,2021-12-05,48,12,0.044405427
Oceania,2021-12-05,48,12,0.0038240917
Africa,2021-12-05,48,12,0.005596888
Europe,2021-12-05,48,12,0.009084948
North America,2021-12-05,48,12,0.00914339
South America,2021-12-06,49,12,0.03379847
Oceania,2021-12-06,49,12,0.0058064517
North America,2021-12-06,49,12,0.008353423
Europe,2021-12-06,49,12,0.011773336
Asia,2021-12-06,49,12,0.016691385
Africa,2021-12-06,49,12,0.012962292
Europe,2021-12-07,49,12,0.010736834
South America,2021-12-07,49,12,0.021098781
Asia,2021-12-07,49,12,0.013107985
Oceania,2021-12-07,49,12,0.015649453
North America,2021-12-07,49,12,0.014336029
Africa,2021-12-07,49,12,0.006382448
North America,2021-12-08,49,12,0.013033317
Asia,2021-12-08,49,12,0.015010029
Europe,2021-12-08,49,12,0.011146316
South America,2021-12-08,49,12,0.015472264
Africa,2021-12-08,49,12,0.0047515812
Oceania,2021-12-08,49,12,0.005543237
North America,2021-12-09,49,12,0.015838673
South America,2021-12-09,49,12,0.022874447
Oceania,2021-12-09,49,12,0.0010845987
Asia,2021-12-09,49,12,0.017247785
Africa,2021-12-09,49,12,0.003350753
Europe,2021-12-09,49,12,0.0100941975
North America,2021-12-10,49,12,0.012326319
Asia,2021-12-10,49,12,0.016431779
Europe,2021-12-10,49,12,0.010866014
Africa,2021-12-10,49,12,0.0041470933
South America,2021-12-10,49,12,0.021993402
Oceania,2021-12-10,49,12,0.009340945
Europe,2021-12-11,49,12,0.010497254
Africa,2021-12-11,49,12,0.004677439
Asia,2021-12-11,49,12,0.019236261
North America,2021-12-11,49,12,0.01082555
Oceania,2021-12-11,49,12,0.0024301338
South America,2021-12-11,49,12,0.018274112
Africa,2021-12-12,49,12,0.002428953
South America,2021-12-12,49,12,0.019186296
Asia,2021-12-12,49,12,0.01684413
Europe,2021-12-12,49,12,0.009554306
North America,2021-12-12,49,12,0.009978861
Oceania,2021-12-12,49,12,0.007854688
Oceania,2021-12-13,50,12,0.0033702455
Europe,2021-12-13,50,12,0.010811731
Asia,2021-12-13,50,12,0.0170984
Africa,2021-12-13,50,12,0.004415011
North America,2021-12-13,50,12,0.007096438
South America,2021-12-13,50,12,0.025875589
Europe,2021-12-14,50,12,0.01122794
Asia,2021-12-14,50,12,0.014043809
North America,2021-12-14,50,12,0.01443949
South America,2021-12-14,50,12,0.021491073
Oceania,2021-12-14,50,12,0.0017176229
Africa,2021-12-14,50,12,0.005112921
North America,2021-12-15,50,12,0.01751412
Asia,2021-12-15,50,12,0.016721943
Oceania,2021-12-15,50,12,0.0028304558
Europe,2021-12-15,50,12,0.01005077
Africa,2021-12-15,50,12,0.0032947443
South America,2021-12-15,50,12,0.026535546
North America,2021-12-16,50,12,0.008098615
Europe,2021-12-16,50,12,0.009521133
Oceania,2021-12-16,50,12,0.00231899
South America,2021-12-16,50,12,0.016815105
Asia,2021-12-16,50,12,0.014335577
Africa,2021-12-16,50,12,0.0032028148
