Asia,2021-01-01,53,1,353055
Europe,2021-01-01,53,1,156589
North America,2021-01-01,53,1,427258
South America,2021-01-01,53,1,11563
Asia,2021-01-02,53,1,403060
Europe,2021-01-02,53,1,158559
North America,2021-01-02,53,1,445399
South America,2021-01-02,53,1,8820
Asia,2021-01-03,53,1,454029
Europe,2021-01-03,53,1,148420
North America,2021-01-03,53,1,451622
South America,2021-01-03,53,1,7400
Asia,2021-01-04,1,1,501154
Europe,2021-01-04,1,1,175535
North America,2021-01-04,1,1,463679
South America,2021-01-04,1,1,6541
Asia,2021-01-05,1,1,541583
Europe,2021-01-05,1,1,249367
North America,2021-01-05,1,1,479269
South America,2021-01-05,1,1,8248
Asia,2021-01-06,1,1,579526
Europe,2021-01-06,1,1,250256
North America,2021-01-06,1,1,506898
South America,2021-01-06,1,1,8466
Asia,2021-01-07,1,1,662558
Europe,2021-01-07,1,1,276634
North America,2021-01-07,1,1,618686
South America,2021-01-07,1,1,8656
Europe,2021-01-08,1,1,316078
North America,2021-01-08,1,1,789572
South America,2021-01-08,1,1,10812
Asia,2021-01-08,1,1,670292
North America,2021-01-09,1,1,830227
Africa,2021-01-09,1,1,0
Asia,2021-01-09,1,1,677190
Europe,2021-01-09,1,1,323704
South America,2021-01-09,1,1,12235
Africa,2021-01-10,1,1,500
Asia,2021-01-10,1,1,631216
Europe,2021-01-10,1,1,331652
North America,2021-01-10,1,1,849679
South America,2021-01-10,1,1,13659
Africa,2021-01-11,2,1,500
Asia,2021-01-11,2,1,585213
Europe,2021-01-11,2,1,517397
North America,2021-01-11,2,1,911820
South America,2021-01-11,2,1,15024
Africa,2021-01-12,2,1,500
Asia,2021-01-12,2,1,551104
Europe,2021-01-12,2,1,571014
North America,2021-01-12,2,1,975413
South America,2021-01-12,2,1,14086
Africa,2021-01-13,2,1,500
Asia,2021-01-13,2,1,551194
Europe,2021-01-13,2,1,642314
North America,2021-01-13,2,1,1032305
South America,2021-01-13,2,1,13471
Africa,2021-01-14,2,1,600
Asia,2021-01-14,2,1,874378
Europe,2021-01-14,2,1,702428
North America,2021-01-14,2,1,1072495
South America,2021-01-14,2,1,14456
Europe,2021-01-15,2,1,750591
North America,2021-01-15,2,1,1087517
Asia,2021-01-15,2,1,947876
Africa,2021-01-15,2,1,667
South America,2021-01-15,2,1,14943
Europe,2021-01-16,2,1,767501
Africa,2021-01-16,2,1,1000
Asia,2021-01-16,2,1,1097018
North America,2021-01-16,2,1,1112926
South America,2021-01-16,2,1,14610
Africa,2021-01-17,2,1,1118
Asia,2021-01-17,2,1,1053574
Europe,2021-01-17,2,1,767499
North America,2021-01-17,2,1,1121727
South America,2021-01-17,2,1,14263
Africa,2021-01-18,3,1,1236
Asia,2021-01-18,3,1,1174855
Europe,2021-01-18,3,1,792126
North America,2021-01-18,3,1,1097460
South America,2021-01-18,3,1,16493
Africa,2021-01-19,3,1,1354
Asia,2021-01-19,3,1,1270117
Europe,2021-01-19,3,1,836557
North America,2021-01-19,3,1,1110527
South America,2021-01-19,3,1,24625
Africa,2021-01-20,3,1,1595
Asia,2021-01-20,3,1,1333232
Europe,2021-01-20,3,1,868383
North America,2021-01-20,3,1,1137856
South America,2021-01-20,3,1,53990
Africa,2021-01-21,3,1,1718
Asia,2021-01-21,3,1,1380279
Europe,2021-01-21,3,1,907220
North America,2021-01-21,3,1,1172626
South America,2021-01-21,3,1,69708
Asia,2021-01-22,3,1,1424334
Europe,2021-01-22,3,1,936856
Africa,2021-01-22,3,1,1841
North America,2021-01-22,3,1,1221155
South America,2021-01-22,3,1,111776
Africa,2021-01-23,3,1,1622
Asia,2021-01-23,3,1,1474633
Europe,2021-01-23,3,1,979908
North America,2021-01-23,3,1,1251316
South America,2021-01-23,3,1,114099
Europe,2021-01-24,3,1,994054
Africa,2021-01-24,3,1,1542
Asia,2021-01-24,3,1,1533319
North America,2021-01-24,3,1,1262792
South America,2021-01-24,3,1,105164
Africa,2021-01-25,4,1,1682
Asia,2021-01-25,4,1,1608779
Europe,2021-01-25,4,1,1020630
North America,2021-01-25,4,1,1329714
South America,2021-01-25,4,1,129241
Africa,2021-01-26,4,1,1926
Asia,2021-01-26,4,1,1643765
Europe,2021-01-26,4,1,1032813
North America,2021-01-26,4,1,1374229
South America,2021-01-26,4,1,160179
North America,2021-01-27,4,1,1419548
Africa,2021-01-27,4,1,2024
Asia,2021-01-27,4,1,1755695
Europe,2021-01-27,4,1,1035170
South America,2021-01-27,4,1,186276
Europe,2021-01-28,4,1,1048088
North America,2021-01-28,4,1,1458025
Asia,2021-01-28,4,1,1730751
South America,2021-01-28,4,1,205421
Africa,2021-01-28,4,1,2214
Africa,2021-01-29,4,1,47245
Asia,2021-01-29,4,1,1692446
Europe,2021-01-29,4,1,1065326
North America,2021-01-29,4,1,1488074
South America,2021-01-29,4,1,218762
Europe,2021-01-30,4,1,1089702
Africa,2021-01-30,4,1,47237
Asia,2021-01-30,4,1,1615559
North America,2021-01-30,4,1,1502449
South America,2021-01-30,4,1,222413
Africa,2021-01-31,4,1,44713
Asia,2021-01-31,4,1,1514802
Europe,2021-01-31,4,1,1110782
North America,2021-01-31,4,1,1509176
South America,2021-01-31,4,1,222089
Africa,2021-02-01,5,2,53209
Asia,2021-02-01,5,2,1684006
Europe,2021-02-01,5,2,1131594
North America,2021-02-01,5,2,1506845
South America,2021-02-01,5,2,225474
South America,2021-02-02,5,2,224766
Africa,2021-02-02,5,2,54829
Asia,2021-02-02,5,2,1879433
Europe,2021-02-02,5,2,1147265
North America,2021-02-02,5,2,1508258
Oceania,2021-02-02,5,2,0
Asia,2021-02-03,5,2,2063771
Europe,2021-02-03,5,2,1192151
North America,2021-02-03,5,2,1538006
Africa,2021-02-03,5,2,54889
Oceania,2021-02-03,5,2,254
South America,2021-02-03,5,2,250896
Africa,2021-02-04,5,2,53866
Asia,2021-02-04,5,2,2225743
Europe,2021-02-04,5,2,1219398
North America,2021-02-04,5,2,1593303
Oceania,2021-02-04,5,2,254
South America,2021-02-04,5,2,286540
North America,2021-02-05,5,2,1659199
Africa,2021-02-05,5,2,55728
Asia,2021-02-05,5,2,2362991
Europe,2021-02-05,5,2,1225791
Oceania,2021-02-05,5,2,254
South America,2021-02-05,5,2,305642
Africa,2021-02-06,5,2,57572
Asia,2021-02-06,5,2,2551055
Europe,2021-02-06,5,2,1213259
North America,2021-02-06,5,2,1701046
Oceania,2021-02-06,5,2,254
South America,2021-02-06,5,2,312177
Africa,2021-02-07,5,2,58592
Asia,2021-02-07,5,2,2706071
Europe,2021-02-07,5,2,1197477
North America,2021-02-07,5,2,1700457
Oceania,2021-02-07,5,2,254
South America,2021-02-07,5,2,318740
Asia,2021-02-08,6,2,2609922
Africa,2021-02-08,6,2,54172
Europe,2021-02-08,6,2,1195289
North America,2021-02-08,6,2,1730125
Oceania,2021-02-08,6,2,254
South America,2021-02-08,6,2,353751
North America,2021-02-09,6,2,1772478
Africa,2021-02-09,6,2,55507
Asia,2021-02-09,6,2,2521216
Europe,2021-02-09,6,2,1195478
Oceania,2021-02-09,6,2,254
South America,2021-02-09,6,2,401791
Africa,2021-02-10,6,2,67315
Asia,2021-02-10,6,2,2315717
Europe,2021-02-10,6,2,1196642
North America,2021-02-10,6,2,1797102
Oceania,2021-02-10,6,2,254
South America,2021-02-10,6,2,425884
North America,2021-02-11,6,2,1805881
Africa,2021-02-11,6,2,77164
Asia,2021-02-11,6,2,2182335
Europe,2021-02-11,6,2,1218550
Oceania,2021-02-11,6,2,292
South America,2021-02-11,6,2,445947
Africa,2021-02-12,6,2,105973
Asia,2021-02-12,6,2,2130677
Europe,2021-02-12,6,2,1252729
North America,2021-02-12,6,2,1839967
Oceania,2021-02-12,6,2,332
South America,2021-02-12,6,2,473338
Africa,2021-02-13,6,2,137700
Asia,2021-02-13,6,2,2009122
Europe,2021-02-13,6,2,1266618
North America,2021-02-13,6,2,1865878
Oceania,2021-02-13,6,2,370
South America,2021-02-13,6,2,467322
Africa,2021-02-14,6,2,154280
Asia,2021-02-14,6,2,1942141
Europe,2021-02-14,6,2,1279127
North America,2021-02-14,6,2,1888692
Oceania,2021-02-14,6,2,409
South America,2021-02-14,6,2,461041
Africa,2021-02-15,7,2,170859
Asia,2021-02-15,7,2,1845397
Europe,2021-02-15,7,2,1276471
North America,2021-02-15,7,2,1831847
Oceania,2021-02-15,7,2,447
South America,2021-02-15,7,2,477531
Africa,2021-02-16,7,2,193752
Asia,2021-02-16,7,2,1796229
Europe,2021-02-16,7,2,1278813
North America,2021-02-16,7,2,1807527
Oceania,2021-02-16,7,2,486
South America,2021-02-16,7,2,468121
Africa,2021-02-17,7,2,201116
Asia,2021-02-17,7,2,1852486
Europe,2021-02-17,7,2,1300404
North America,2021-02-17,7,2,1779411
Oceania,2021-02-17,7,2,549
South America,2021-02-17,7,2,455235
Africa,2021-02-18,7,2,207415
Asia,2021-02-18,7,2,1978890
Europe,2021-02-18,7,2,1310887
North America,2021-02-18,7,2,1739723
Oceania,2021-02-18,7,2,555
South America,2021-02-18,7,2,453899
North America,2021-02-19,7,2,1690375
Africa,2021-02-19,7,2,191021
Asia,2021-02-19,7,2,1997121
Europe,2021-02-19,7,2,1298407
Oceania,2021-02-19,7,2,589
South America,2021-02-19,7,2,423029
Asia,2021-02-20,7,2,2030317
Europe,2021-02-20,7,2,1285370
North America,2021-02-20,7,2,1679822
Africa,2021-02-20,7,2,166278
Oceania,2021-02-20,7,2,613
South America,2021-02-20,7,2,428722
Africa,2021-02-21,7,2,152482
Asia,2021-02-21,7,2,2023486
Europe,2021-02-21,7,2,1279651
North America,2021-02-21,7,2,1685691
Oceania,2021-02-21,7,2,626
South America,2021-02-21,7,2,431621
North America,2021-02-22,8,2,1739958
Africa,2021-02-22,8,2,139532
Asia,2021-02-22,8,2,2011861
Europe,2021-02-22,8,2,1286781
Oceania,2021-02-22,8,2,3498
South America,2021-02-22,8,2,404641
Africa,2021-02-23,8,2,125970
Asia,2021-02-23,8,2,2032593
Europe,2021-02-23,8,2,1314679
North America,2021-02-23,8,2,1777831
Oceania,2021-02-23,8,2,4222
South America,2021-02-23,8,2,390144
Africa,2021-02-24,8,2,144900
Asia,2021-02-24,8,2,2025679
Europe,2021-02-24,8,2,1349835
North America,2021-02-24,8,2,1859603
Oceania,2021-02-24,8,2,6408
South America,2021-02-24,8,2,371873
Africa,2021-02-25,8,2,163519
Asia,2021-02-25,8,2,1995562
Europe,2021-02-25,8,2,1376546
North America,2021-02-25,8,2,2012316
Oceania,2021-02-25,8,2,6872
South America,2021-02-25,8,2,364311
Africa,2021-02-26,8,2,179219
Asia,2021-02-26,8,2,1993158
Europe,2021-02-26,8,2,1433114
North America,2021-02-26,8,2,2172067
Oceania,2021-02-26,8,2,7235
South America,2021-02-26,8,2,352205
Africa,2021-02-27,8,2,190217
Asia,2021-02-27,8,2,2025416
Europe,2021-02-27,8,2,1475580
North America,2021-02-27,8,2,2278368
Oceania,2021-02-27,8,2,6746
South America,2021-02-27,8,2,356581
Africa,2021-02-28,8,2,196116
Asia,2021-02-28,8,2,2006367
Europe,2021-02-28,8,2,1489759
North America,2021-02-28,8,2,2323855
Oceania,2021-02-28,8,2,6506
South America,2021-02-28,8,2,354610
Africa,2021-03-01,9,3,202166
Asia,2021-03-01,9,3,2135299
Europe,2021-03-01,9,3,1514310
North America,2021-03-01,9,3,2408281
Oceania,2021-03-01,9,3,7301
South America,2021-03-01,9,3,385107
North America,2021-03-02,9,3,2493196
Africa,2021-03-02,9,3,240450
Asia,2021-03-02,9,3,2232769
Europe,2021-03-02,9,3,1538332
Oceania,2021-03-02,9,3,8214
South America,2021-03-02,9,3,434945
Europe,2021-03-03,9,3,1571846
North America,2021-03-03,9,3,2550533
Africa,2021-03-03,9,3,222070
Asia,2021-03-03,9,3,2382338
Oceania,2021-03-03,9,3,8421
South America,2021-03-03,9,3,505355
Africa,2021-03-04,9,3,202772
Asia,2021-03-04,9,3,2500527
Europe,2021-03-04,9,3,1680864
North America,2021-03-04,9,3,2579963
Oceania,2021-03-04,9,3,9073
South America,2021-03-04,9,3,560863
North America,2021-03-05,9,3,2591628
Africa,2021-03-05,9,3,192562
Asia,2021-03-05,9,3,2633552
Europe,2021-03-05,9,3,1746672
Oceania,2021-03-05,9,3,8833
South America,2021-03-05,9,3,629592
Africa,2021-03-06,9,3,194412
Asia,2021-03-06,9,3,2797246
Europe,2021-03-06,9,3,1817718
North America,2021-03-06,9,3,2602471
Oceania,2021-03-06,9,3,9094
South America,2021-03-06,9,3,659716
Africa,2021-03-07,9,3,192692
Asia,2021-03-07,9,3,2842245
Europe,2021-03-07,9,3,1845447
North America,2021-03-07,9,3,2610043
Oceania,2021-03-07,9,3,9376
South America,2021-03-07,9,3,681361
Africa,2021-03-08,10,3,194257
Asia,2021-03-08,10,3,3078404
Europe,2021-03-08,10,3,1868915
North America,2021-03-08,10,3,2631551
Oceania,2021-03-08,10,3,9517
South America,2021-03-08,10,3,721561
Africa,2021-03-09,10,3,194166
Asia,2021-03-09,10,3,3173157
Europe,2021-03-09,10,3,1883196
North America,2021-03-09,10,3,2697464
Oceania,2021-03-09,10,3,10105
South America,2021-03-09,10,3,759603
Africa,2021-03-10,10,3,210115
Asia,2021-03-10,10,3,3192066
Europe,2021-03-10,10,3,1932169
North America,2021-03-10,10,3,2782797
Oceania,2021-03-10,10,3,11127
South America,2021-03-10,10,3,786663
Africa,2021-03-11,10,3,218985
Asia,2021-03-11,10,3,3068517
Europe,2021-03-11,10,3,1889339
North America,2021-03-11,10,3,2856528
Oceania,2021-03-11,10,3,11133
South America,2021-03-11,10,3,827119
Africa,2021-03-12,10,3,240963
Asia,2021-03-12,10,3,3179975
Europe,2021-03-12,10,3,1882605
North America,2021-03-12,10,3,2900821
Oceania,2021-03-12,10,3,13985
South America,2021-03-12,10,3,864335
North America,2021-03-13,10,3,2939646
Africa,2021-03-13,10,3,256272
Asia,2021-03-13,10,3,3245792
Europe,2021-03-13,10,3,1882433
Oceania,2021-03-13,10,3,13998
South America,2021-03-13,10,3,882904
Asia,2021-03-14,10,3,3267999
Europe,2021-03-14,10,3,1901486
North America,2021-03-14,10,3,2966718
Africa,2021-03-14,10,3,262649
Oceania,2021-03-14,10,3,13767
South America,2021-03-14,10,3,880188
Africa,2021-03-15,11,3,282443
Asia,2021-03-15,11,3,3544277
Europe,2021-03-15,11,3,1928677
North America,2021-03-15,11,3,2992526
Oceania,2021-03-15,11,3,15339
South America,2021-03-15,11,3,910139
North America,2021-03-16,11,3,2999399
Africa,2021-03-16,11,3,294266
Asia,2021-03-16,11,3,3812668
Europe,2021-03-16,11,3,1933613
Oceania,2021-03-16,11,3,16699
South America,2021-03-16,11,3,923004
Africa,2021-03-17,11,3,286148
Asia,2021-03-17,11,3,4114700
Europe,2021-03-17,11,3,1887577
North America,2021-03-17,11,3,2984121
Oceania,2021-03-17,11,3,17618
South America,2021-03-17,11,3,919690
Africa,2021-03-18,11,3,284390
Asia,2021-03-18,11,3,4512326
Europe,2021-03-18,11,3,1863875
North America,2021-03-18,11,3,2968603
Oceania,2021-03-18,11,3,18598
South America,2021-03-18,11,3,901831
Africa,2021-03-19,11,3,263752
Asia,2021-03-19,11,3,4834993
Europe,2021-03-19,11,3,1895954
North America,2021-03-19,11,3,2967846
Oceania,2021-03-19,11,3,17199
South America,2021-03-19,11,3,894350
Africa,2021-03-20,11,3,236468
Asia,2021-03-20,11,3,5100374
Europe,2021-03-20,11,3,1921555
North America,2021-03-20,11,3,2975785
Oceania,2021-03-20,11,3,17216
South America,2021-03-20,11,3,881930
Africa,2021-03-21,11,3,226627
Asia,2021-03-21,11,3,5426777
Europe,2021-03-21,11,3,1931502
North America,2021-03-21,11,3,2985129
Oceania,2021-03-21,11,3,20623
South America,2021-03-21,11,3,878005
Africa,2021-03-22,12,3,208960
Asia,2021-03-22,12,3,5646842
Europe,2021-03-22,12,3,1981894
North America,2021-03-22,12,3,3014431
Oceania,2021-03-22,12,3,22504
South America,2021-03-22,12,3,869047
Africa,2021-03-23,12,3,193872
Asia,2021-03-23,12,3,5863964
Europe,2021-03-23,12,3,2077161
North America,2021-03-23,12,3,3044546
Oceania,2021-03-23,12,3,26120
South America,2021-03-23,12,3,867008
Oceania,2021-03-24,12,3,30661
Africa,2021-03-24,12,3,217843
Asia,2021-03-24,12,3,6043952
Europe,2021-03-24,12,3,2207214
North America,2021-03-24,12,3,3099903
South America,2021-03-24,12,3,889611
Europe,2021-03-25,12,3,2326050
North America,2021-03-25,12,3,3151329
Africa,2021-03-25,12,3,242994
Asia,2021-03-25,12,3,6604447
Oceania,2021-03-25,12,3,36146
South America,2021-03-25,12,3,912866
Africa,2021-03-26,12,3,260067
Asia,2021-03-26,12,3,7183260
Europe,2021-03-26,12,3,2437250
North America,2021-03-26,12,3,3229637
Oceania,2021-03-26,12,3,41217
South America,2021-03-26,12,3,965181
North America,2021-03-27,12,3,3274799
Africa,2021-03-27,12,3,274462
Asia,2021-03-27,12,3,7638989
Europe,2021-03-27,12,3,2489972
Oceania,2021-03-27,12,3,43445
South America,2021-03-27,12,3,988241
Africa,2021-03-28,12,3,286509
Asia,2021-03-28,12,3,7865247
Europe,2021-03-28,12,3,2579567
North America,2021-03-28,12,3,3305196
Oceania,2021-03-28,12,3,42307
South America,2021-03-28,12,3,1020362
Africa,2021-03-29,13,3,298851
Asia,2021-03-29,13,3,7659446
Europe,2021-03-29,13,3,2647166
North America,2021-03-29,13,3,3378097
Oceania,2021-03-29,13,3,46302
South America,2021-03-29,13,3,1089819
North America,2021-03-30,13,3,3496612
Africa,2021-03-30,13,3,315852
Asia,2021-03-30,13,3,7666886
Europe,2021-03-30,13,3,2659385
Oceania,2021-03-30,13,3,50567
South America,2021-03-30,13,3,1139033
Asia,2021-03-31,13,3,7952361
Europe,2021-03-31,13,3,2684762
North America,2021-03-31,13,3,3630948
Africa,2021-03-31,13,3,302645
Oceania,2021-03-31,13,3,54441
South America,2021-03-31,13,3,1188727
Africa,2021-04-01,13,4,295304
Asia,2021-04-01,13,4,8384979
Europe,2021-04-01,13,4,2721613
North America,2021-04-01,13,4,3778016
Oceania,2021-04-01,13,4,58774
South America,2021-04-01,13,4,1250196
North America,2021-04-02,13,4,3770343
Africa,2021-04-02,13,4,280055
Asia,2021-04-02,13,4,8687951
Europe,2021-04-02,13,4,2591727
Oceania,2021-04-02,13,4,52372
South America,2021-04-02,13,4,1113312
Africa,2021-04-03,13,4,270670
Asia,2021-04-03,13,4,8526455
Europe,2021-04-03,13,4,2508701
North America,2021-04-03,13,4,3767622
Oceania,2021-04-03,13,4,51916
South America,2021-04-03,13,4,1093921
Africa,2021-04-04,13,4,265105
Asia,2021-04-04,13,4,8760990
Europe,2021-04-04,13,4,2394338
North America,2021-04-04,13,4,3693092
Oceania,2021-04-04,13,4,49493
South America,2021-04-04,13,4,1096962
Africa,2021-04-05,14,4,257465
Asia,2021-04-05,14,4,9068451
Europe,2021-04-05,14,4,2223966
North America,2021-04-05,14,4,3745798
Oceania,2021-04-05,14,4,42478
South America,2021-04-05,14,4,1064080
Asia,2021-04-06,14,4,9330910
Europe,2021-04-06,14,4,2265666
North America,2021-04-06,14,4,3809969
Africa,2021-04-06,14,4,247867
Oceania,2021-04-06,14,4,41266
South America,2021-04-06,14,4,1103211
Africa,2021-04-07,14,4,240347
Asia,2021-04-07,14,4,9233963
Europe,2021-04-07,14,4,2382596
North America,2021-04-07,14,4,3837297
Oceania,2021-04-07,14,4,41604
South America,2021-04-07,14,4,1104783
North America,2021-04-08,14,4,3862269
Africa,2021-04-08,14,4,238887
Asia,2021-04-08,14,4,9252384
Europe,2021-04-08,14,4,2510858
Oceania,2021-04-08,14,4,42293
South America,2021-04-08,14,4,1115284
Africa,2021-04-09,14,4,270088
Asia,2021-04-09,14,4,9115789
Europe,2021-04-09,14,4,2751677
North America,2021-04-09,14,4,3972118
Oceania,2021-04-09,14,4,51499
South America,2021-04-09,14,4,1262441
Africa,2021-04-10,14,4,271731
Asia,2021-04-10,14,4,9312756
Europe,2021-04-10,14,4,2932562
North America,2021-04-10,14,4,4048519
Oceania,2021-04-10,14,4,53697
South America,2021-04-10,14,4,1323448
Africa,2021-04-11,14,4,269438
Asia,2021-04-11,14,4,9268594
Europe,2021-04-11,14,4,3032010
North America,2021-04-11,14,4,4172633
Oceania,2021-04-11,14,4,55709
South America,2021-04-11,14,4,1328066
Africa,2021-04-12,15,4,270576
Asia,2021-04-12,15,4,9523242
Europe,2021-04-12,15,4,3227263
North America,2021-04-12,15,4,4201158
Oceania,2021-04-12,15,4,63313
South America,2021-04-12,15,4,1354481
Africa,2021-04-13,15,4,262519
Asia,2021-04-13,15,4,9385552
Europe,2021-04-13,15,4,3318596
North America,2021-04-13,15,4,4191657
Oceania,2021-04-13,15,4,63325
South America,2021-04-13,15,4,1345678
Africa,2021-04-14,15,4,257799
Asia,2021-04-14,15,4,9414195
Europe,2021-04-14,15,4,3343296
North America,2021-04-14,15,4,4120901
Oceania,2021-04-14,15,4,63287
South America,2021-04-14,15,4,1348539
Africa,2021-04-15,15,4,243516
Asia,2021-04-15,15,4,8922124
Europe,2021-04-15,15,4,3331601
North America,2021-04-15,15,4,4017037
Oceania,2021-04-15,15,4,61938
South America,2021-04-15,15,4,1318575
Africa,2021-04-16,15,4,244874
Asia,2021-04-16,15,4,8436092
Europe,2021-04-16,15,4,3327976
North America,2021-04-16,15,4,3947778
Oceania,2021-04-16,15,4,65131
South America,2021-04-16,15,4,1317063
Europe,2021-04-17,15,4,3307287
North America,2021-04-17,15,4,3880626
Africa,2021-04-17,15,4,245284
Asia,2021-04-17,15,4,8149599
Oceania,2021-04-17,15,4,64436
South America,2021-04-17,15,4,1324043
Africa,2021-04-18,15,4,248194
Asia,2021-04-18,15,4,7806747
Europe,2021-04-18,15,4,3386898
North America,2021-04-18,15,4,3832235
Oceania,2021-04-18,15,4,75268
South America,2021-04-18,15,4,1313311
North America,2021-04-19,16,4,3732774
Africa,2021-04-19,16,4,244143
Asia,2021-04-19,16,4,7464147
Europe,2021-04-19,16,4,3392526
Oceania,2021-04-19,16,4,76569
South America,2021-04-19,16,4,1326958
Africa,2021-04-20,16,4,241633
Asia,2021-04-20,16,4,7332566
Europe,2021-04-20,16,4,3385578
North America,2021-04-20,16,4,3654493
Oceania,2021-04-20,16,4,77122
South America,2021-04-20,16,4,1310294
Africa,2021-04-21,16,4,237482
Asia,2021-04-21,16,4,7367970
Europe,2021-04-21,16,4,3392582
North America,2021-04-21,16,4,3613431
Oceania,2021-04-21,16,4,77255
South America,2021-04-21,16,4,1247859
Africa,2021-04-22,16,4,230837
Asia,2021-04-22,16,4,7840187
Europe,2021-04-22,16,4,3429344
North America,2021-04-22,16,4,3563095
Oceania,2021-04-22,16,4,77582
South America,2021-04-22,16,4,1232065
Africa,2021-04-23,16,4,221413
Asia,2021-04-23,16,4,7999373
Europe,2021-04-23,16,4,3432777
North America,2021-04-23,16,4,3493058
Oceania,2021-04-23,16,4,74874
South America,2021-04-23,16,4,1346552
Africa,2021-04-24,16,4,210750
Asia,2021-04-24,16,4,8192497
Europe,2021-04-24,16,4,3502028
North America,2021-04-24,16,4,3464521
Oceania,2021-04-24,16,4,74868
South America,2021-04-24,16,4,1317978
Africa,2021-04-25,16,4,208956
Asia,2021-04-25,16,4,8672380
Europe,2021-04-25,16,4,3465564
North America,2021-04-25,16,4,3445103
Oceania,2021-04-25,16,4,62977
South America,2021-04-25,16,4,1308769
Africa,2021-04-26,17,4,207656
Asia,2021-04-26,17,4,9024030
Europe,2021-04-26,17,4,3519143
North America,2021-04-26,17,4,3418939
Oceania,2021-04-26,17,4,57679
South America,2021-04-26,17,4,1326042
North America,2021-04-27,17,4,3356697
Africa,2021-04-27,17,4,218546
Asia,2021-04-27,17,4,9625134
Europe,2021-04-27,17,4,3607811
Oceania,2021-04-27,17,4,57534
South America,2021-04-27,17,4,1407969
Asia,2021-04-28,17,4,10294190
Europe,2021-04-28,17,4,3760795
North America,2021-04-28,17,4,3280224
Africa,2021-04-28,17,4,240766
Oceania,2021-04-28,17,4,59752
South America,2021-04-28,17,4,1488706
Africa,2021-04-29,17,4,247237
Asia,2021-04-29,17,4,10581763
Europe,2021-04-29,17,4,3904421
North America,2021-04-29,17,4,3209431
Oceania,2021-04-29,17,4,59613
South America,2021-04-29,17,4,1530175
North America,2021-04-30,17,4,3143718
Africa,2021-04-30,17,4,245615
Asia,2021-04-30,17,4,11657940
Europe,2021-04-30,17,4,3968858
Oceania,2021-04-30,17,4,59350
South America,2021-04-30,17,4,1429857
Africa,2021-05-01,17,5,244063
Asia,2021-05-01,17,5,11753508
Europe,2021-05-01,17,5,3881342
North America,2021-05-01,17,5,3088604
Oceania,2021-05-01,17,5,59295
South America,2021-05-01,17,5,1402342
Africa,2021-05-02,17,5,244109
Asia,2021-05-02,17,5,11598595
Europe,2021-05-02,17,5,3882644
North America,2021-05-02,17,5,3068050
Oceania,2021-05-02,17,5,59851
South America,2021-05-02,17,5,1400886
Africa,2021-05-03,18,5,248797
Asia,2021-05-03,18,5,11350326
Europe,2021-05-03,18,5,3852789
North America,2021-05-03,18,5,3030376
Oceania,2021-05-03,18,5,64504
South America,2021-05-03,18,5,1368361
Africa,2021-05-04,18,5,262427
Asia,2021-05-04,18,5,10968780
Europe,2021-05-04,18,5,3883278
North America,2021-05-04,18,5,2997732
Oceania,2021-05-04,18,5,67698
South America,2021-05-04,18,5,1298948
Africa,2021-05-05,18,5,253820
Asia,2021-05-05,18,5,10437273
Europe,2021-05-05,18,5,3944698
North America,2021-05-05,18,5,2968919
Oceania,2021-05-05,18,5,68152
South America,2021-05-05,18,5,1288032
Africa,2021-05-06,18,5,261784
Asia,2021-05-06,18,5,10349809
Europe,2021-05-06,18,5,4005831
North America,2021-05-06,18,5,2937784
Oceania,2021-05-06,18,5,70532
South America,2021-05-06,18,5,1296535
Africa,2021-05-07,18,5,322740
Asia,2021-05-07,18,5,10153564
Europe,2021-05-07,18,5,4069878
North America,2021-05-07,18,5,2922897
Oceania,2021-05-07,18,5,73638
South America,2021-05-07,18,5,1308147
Africa,2021-05-08,18,5,337788
Asia,2021-05-08,18,5,10865947
Europe,2021-05-08,18,5,4203257
North America,2021-05-08,18,5,2889433
Oceania,2021-05-08,18,5,74997
South America,2021-05-08,18,5,1329956
North America,2021-05-09,18,5,2855212
Africa,2021-05-09,18,5,357283
Asia,2021-05-09,18,5,11171502
Europe,2021-05-09,18,5,4249325
Oceania,2021-05-09,18,5,75357
South America,2021-05-09,18,5,1337140
Africa,2021-05-10,19,5,371067
Asia,2021-05-10,19,5,11902468
Europe,2021-05-10,19,5,4374085
North America,2021-05-10,19,5,2796949
Oceania,2021-05-10,19,5,77951
South America,2021-05-10,19,5,1337956
North America,2021-05-11,19,5,2699941
Africa,2021-05-11,19,5,378993
Asia,2021-05-11,19,5,12761181
Europe,2021-05-11,19,5,4465016
Oceania,2021-05-11,19,5,77791
South America,2021-05-11,19,5,1330501
Africa,2021-05-12,19,5,384570
Asia,2021-05-12,19,5,13636179
Europe,2021-05-12,19,5,4566328
North America,2021-05-12,19,5,2615941
Oceania,2021-05-12,19,5,78485
South America,2021-05-12,19,5,1336122
Africa,2021-05-13,19,5,382231
Asia,2021-05-13,19,5,14066412
Europe,2021-05-13,19,5,4393966
North America,2021-05-13,19,5,2574501
Oceania,2021-05-13,19,5,79183
South America,2021-05-13,19,5,1289399
Africa,2021-05-14,19,5,327853
Asia,2021-05-14,19,5,14249718
Europe,2021-05-14,19,5,4414147
North America,2021-05-14,19,5,2550737
Oceania,2021-05-14,19,5,79384
South America,2021-05-14,19,5,1257253
Africa,2021-05-15,19,5,347953
Asia,2021-05-15,19,5,14589439
Europe,2021-05-15,19,5,4478944
North America,2021-05-15,19,5,2613503
Oceania,2021-05-15,19,5,79959
South America,2021-05-15,19,5,1264555
Africa,2021-05-16,19,5,356581
Asia,2021-05-16,19,5,15585368
Europe,2021-05-16,19,5,4502080
North America,2021-05-16,19,5,2696309
Oceania,2021-05-16,19,5,80274
South America,2021-05-16,19,5,1281058
Africa,2021-05-17,20,5,365904
Asia,2021-05-17,20,5,16365906
Europe,2021-05-17,20,5,4506768
North America,2021-05-17,20,5,2738935
Oceania,2021-05-17,20,5,81506
South America,2021-05-17,20,5,1263245
Africa,2021-05-18,20,5,394423
Asia,2021-05-18,20,5,16880264
Europe,2021-05-18,20,5,4530873
North America,2021-05-18,20,5,2791241
Oceania,2021-05-18,20,5,84088
South America,2021-05-18,20,5,1279220
North America,2021-05-19,20,5,2810372
Africa,2021-05-19,20,5,441248
Asia,2021-05-19,20,5,17211099
Europe,2021-05-19,20,5,4443945
Oceania,2021-05-19,20,5,85746
South America,2021-05-19,20,5,1254628
Asia,2021-05-20,20,5,17945898
Europe,2021-05-20,20,5,4598585
North America,2021-05-20,20,5,2821352
Africa,2021-05-20,20,5,495752
Oceania,2021-05-20,20,5,88004
South America,2021-05-20,20,5,1301483
Africa,2021-05-21,20,5,549893
Asia,2021-05-21,20,5,18677101
Europe,2021-05-21,20,5,4604563
North America,2021-05-21,20,5,2828455
Oceania,2021-05-21,20,5,84951
South America,2021-05-21,20,5,1308866
North America,2021-05-22,20,5,2818496
Africa,2021-05-22,20,5,552029
Asia,2021-05-22,20,5,18914444
Europe,2021-05-22,20,5,4672813
Oceania,2021-05-22,20,5,88471
South America,2021-05-22,20,5,1323467
Africa,2021-05-23,20,5,555382
Asia,2021-05-23,20,5,18954293
Europe,2021-05-23,20,5,4641754
North America,2021-05-23,20,5,2790795
Oceania,2021-05-23,20,5,94743
South America,2021-05-23,20,5,1426425
Africa,2021-05-24,21,5,565024
Asia,2021-05-24,21,5,19297673
Europe,2021-05-24,21,5,4580968
North America,2021-05-24,21,5,2718745
Oceania,2021-05-24,21,5,91034
South America,2021-05-24,21,5,1451360
Africa,2021-05-25,21,5,590774
Asia,2021-05-25,21,5,20191414
Europe,2021-05-25,21,5,4511617
North America,2021-05-25,21,5,2601279
Oceania,2021-05-25,21,5,92819
South America,2021-05-25,21,5,1434834
Africa,2021-05-26,21,5,575222
Asia,2021-05-26,21,5,21301336
Europe,2021-05-26,21,5,4557235
North America,2021-05-26,21,5,2543312
Oceania,2021-05-26,21,5,96860
South America,2021-05-26,21,5,1444588
Africa,2021-05-27,21,5,572139
Asia,2021-05-27,21,5,21639004
Europe,2021-05-27,21,5,4532531
North America,2021-05-27,21,5,2443733
Oceania,2021-05-27,21,5,100820
South America,2021-05-27,21,5,1430394
Africa,2021-05-28,21,5,565222
Asia,2021-05-28,21,5,21946268
Europe,2021-05-28,21,5,4555916
North America,2021-05-28,21,5,2345871
Oceania,2021-05-28,21,5,111518
South America,2021-05-28,21,5,1488977
Africa,2021-05-29,21,5,572774
Asia,2021-05-29,21,5,22938913
Europe,2021-05-29,21,5,4438122
North America,2021-05-29,21,5,2250890
Oceania,2021-05-29,21,5,112971
South America,2021-05-29,21,5,1524781
North America,2021-05-30,21,5,2228807
Africa,2021-05-30,21,5,582378
Asia,2021-05-30,21,5,23772801
Europe,2021-05-30,21,5,4449856
Oceania,2021-05-30,21,5,110148
South America,2021-05-30,21,5,1439813
Europe,2021-05-31,22,5,4499487
North America,2021-05-31,22,5,2077934
Africa,2021-05-31,22,5,592328
Asia,2021-05-31,22,5,24619656
Oceania,2021-05-31,22,5,119971
South America,2021-05-31,22,5,1470662
Africa,2021-06-01,22,6,558506
Asia,2021-06-01,22,6,24929720
Europe,2021-06-01,22,6,4670302
North America,2021-06-01,22,6,2282429
Oceania,2021-06-01,22,6,125578
South America,2021-06-01,22,6,1512155
North America,2021-06-02,22,6,2261169
Africa,2021-06-02,22,6,558688
Asia,2021-06-02,22,6,25407697
Europe,2021-06-02,22,6,4693326
Oceania,2021-06-02,22,6,131584
South America,2021-06-02,22,6,1618090
Africa,2021-06-03,22,6,567708
Asia,2021-06-03,22,6,25582388
Europe,2021-06-03,22,6,4643833
North America,2021-06-03,22,6,2298846
Oceania,2021-06-03,22,6,136245
South America,2021-06-03,22,6,1599228
Africa,2021-06-04,22,6,544237
Asia,2021-06-04,22,6,26410331
Europe,2021-06-04,22,6,4696137
North America,2021-06-04,22,6,2340751
Oceania,2021-06-04,22,6,140091
South America,2021-06-04,22,6,1557958
Africa,2021-06-05,22,6,520982
Asia,2021-06-05,22,6,26232529
Europe,2021-06-05,22,6,4750935
North America,2021-06-05,22,6,2398099
Oceania,2021-06-05,22,6,145212
South America,2021-06-05,22,6,1586193
Africa,2021-06-06,22,6,516693
Asia,2021-06-06,22,6,25868773
Europe,2021-06-06,22,6,4837206
North America,2021-06-06,22,6,2345708
Oceania,2021-06-06,22,6,150486
South America,2021-06-06,22,6,1610371
Africa,2021-06-07,23,6,515152
Asia,2021-06-07,23,6,25268666
Europe,2021-06-07,23,6,4970354
North America,2021-06-07,23,6,2478695
Oceania,2021-06-07,23,6,151461
South America,2021-06-07,23,6,1589334
Africa,2021-06-08,23,6,545083
Asia,2021-06-08,23,6,24742266
Europe,2021-06-08,23,6,4941190
North America,2021-06-08,23,6,2462999
Oceania,2021-06-08,23,6,153126
South America,2021-06-08,23,6,1677313
Africa,2021-06-09,23,6,557708
Asia,2021-06-09,23,6,23949769
Europe,2021-06-09,23,6,4967159
North America,2021-06-09,23,6,2502006
Oceania,2021-06-09,23,6,150556
South America,2021-06-09,23,6,1682559
North America,2021-06-10,23,6,2384347
Africa,2021-06-10,23,6,548988
Asia,2021-06-10,23,6,24423035
Europe,2021-06-10,23,6,5114541
Oceania,2021-06-10,23,6,150545
South America,2021-06-10,23,6,1799124
Asia,2021-06-11,23,6,23941327
Europe,2021-06-11,23,6,5119519
North America,2021-06-11,23,6,2306553
Africa,2021-06-11,23,6,571649
Oceania,2021-06-11,23,6,139879
South America,2021-06-11,23,6,1913610
Africa,2021-06-12,23,6,571020
Asia,2021-06-12,23,6,23697354
Europe,2021-06-12,23,6,5152038
North America,2021-06-12,23,6,2230708
Oceania,2021-06-12,23,6,136893
South America,2021-06-12,23,6,1946514
North America,2021-06-13,23,6,2251698
Africa,2021-06-13,23,6,574219
Asia,2021-06-13,23,6,23839153
Europe,2021-06-13,23,6,5112487
Oceania,2021-06-13,23,6,137960
South America,2021-06-13,23,6,1960698
Africa,2021-06-14,24,6,575678
Asia,2021-06-14,24,6,23330747
Europe,2021-06-14,24,6,5065773
North America,2021-06-14,24,6,2253650
Oceania,2021-06-14,24,6,129246
South America,2021-06-14,24,6,2013846
Africa,2021-06-15,24,6,543896
Asia,2021-06-15,24,6,24142640
Europe,2021-06-15,24,6,5027778
North America,2021-06-15,24,6,2235750
Oceania,2021-06-15,24,6,129475
South America,2021-06-15,24,6,2020542
Africa,2021-06-16,24,6,509391
Asia,2021-06-16,24,6,25193829
Europe,2021-06-16,24,6,4981849
North America,2021-06-16,24,6,2120541
Oceania,2021-06-16,24,6,130806
South America,2021-06-16,24,6,2027090
Africa,2021-06-17,24,6,504736
Asia,2021-06-17,24,6,25787864
Europe,2021-06-17,24,6,4999553
North America,2021-06-17,24,6,2125968
Oceania,2021-06-17,24,6,129518
South America,2021-06-17,24,6,2189174
Africa,2021-06-18,24,6,499053
Asia,2021-06-18,24,6,26729783
Europe,2021-06-18,24,6,4976450
North America,2021-06-18,24,6,2087162
Oceania,2021-06-18,24,6,137766
South America,2021-06-18,24,6,2251996
Africa,2021-06-19,24,6,500744
Asia,2021-06-19,24,6,27828138
Europe,2021-06-19,24,6,4927154
North America,2021-06-19,24,6,2059069
Oceania,2021-06-19,24,6,136707
South America,2021-06-19,24,6,2293769
Africa,2021-06-20,24,6,516331
Asia,2021-06-20,24,6,28662400
Europe,2021-06-20,24,6,4929683
North America,2021-06-20,24,6,2030497
Oceania,2021-06-20,24,6,131333
South America,2021-06-20,24,6,2314211
North America,2021-06-21,25,6,1988979
South America,2021-06-21,25,6,2352941
Oceania,2021-06-21,25,6,140963
Europe,2021-06-21,25,6,4900864
Asia,2021-06-21,25,6,30802086
Africa,2021-06-21,25,6,525184
North America,2021-06-22,25,6,1981065
Oceania,2021-06-22,25,6,140013
Europe,2021-06-22,25,6,5012618
Africa,2021-06-22,25,6,517421
Asia,2021-06-22,25,6,31471221
South America,2021-06-22,25,6,2367863
Africa,2021-06-23,25,6,525567
Asia,2021-06-23,25,6,31708259
Europe,2021-06-23,25,6,4968653
North America,2021-06-23,25,6,2003615
Oceania,2021-06-23,25,6,140535
South America,2021-06-23,25,6,2393165
North America,2021-06-24,25,6,1989684
Africa,2021-06-24,25,6,519514
Asia,2021-06-24,25,6,32332118
Europe,2021-06-24,25,6,4915406
Oceania,2021-06-24,25,6,140302
South America,2021-06-24,25,6,2282036
Africa,2021-06-25,25,6,523003
Asia,2021-06-25,25,6,32671660
Europe,2021-06-25,25,6,4922548
North America,2021-06-25,25,6,1961180
Oceania,2021-06-25,25,6,138911
South America,2021-06-25,25,6,2237567
Africa,2021-06-26,25,6,522584
Asia,2021-06-26,25,6,33412038
Europe,2021-06-26,25,6,4950816
North America,2021-06-26,25,6,1934709
Oceania,2021-06-26,25,6,139863
South America,2021-06-26,25,6,2213234
North America,2021-06-27,25,6,1930300
Africa,2021-06-27,25,6,505071
Asia,2021-06-27,25,6,33767760
Europe,2021-06-27,25,6,4980717
Oceania,2021-06-27,25,6,141794
South America,2021-06-27,25,6,2195058
Asia,2021-06-28,26,6,33055995
Europe,2021-06-28,26,6,5055563
North America,2021-06-28,26,6,1971089
Africa,2021-06-28,26,6,474620
Oceania,2021-06-28,26,6,141281
South America,2021-06-28,26,6,2172015
Africa,2021-06-29,26,6,475878
Asia,2021-06-29,26,6,32722027
Europe,2021-06-29,26,6,4978268
North America,2021-06-29,26,6,1972282
Oceania,2021-06-29,26,6,141600
South America,2021-06-29,26,6,2251625
North America,2021-06-30,26,6,1967422
Africa,2021-06-30,26,6,487602
Asia,2021-06-30,26,6,31930317
Europe,2021-06-30,26,6,5014823
Oceania,2021-06-30,26,6,135548
South America,2021-06-30,26,6,2266473
Africa,2021-07-01,26,7,485683
Asia,2021-07-01,26,7,31031593
Europe,2021-07-01,26,7,5036468
North America,2021-07-01,26,7,1938617
Oceania,2021-07-01,26,7,142282
South America,2021-07-01,26,7,2278988
Africa,2021-07-02,26,7,464933
Asia,2021-07-02,26,7,29585675
Europe,2021-07-02,26,7,5024427
North America,2021-07-02,26,7,1914924
Oceania,2021-07-02,26,7,147271
South America,2021-07-02,26,7,2317833
Africa,2021-07-03,26,7,466101
Asia,2021-07-03,26,7,28452905
Europe,2021-07-03,26,7,4986129
North America,2021-07-03,26,7,1856113
Oceania,2021-07-03,26,7,150708
South America,2021-07-03,26,7,2346006
Asia,2021-07-04,26,7,26847557
Europe,2021-07-04,26,7,4965152
North America,2021-07-04,26,7,1811080
Africa,2021-07-04,26,7,456353
Oceania,2021-07-04,26,7,151148
South America,2021-07-04,26,7,2397436
Africa,2021-07-05,27,7,469122
Asia,2021-07-05,27,7,25748386
Europe,2021-07-05,27,7,4888390
North America,2021-07-05,27,7,1772992
Oceania,2021-07-05,27,7,152590
South America,2021-07-05,27,7,2500073
North America,2021-07-06,27,7,1754805
Africa,2021-07-06,27,7,455107
Asia,2021-07-06,27,7,24533769
Europe,2021-07-06,27,7,4922726
Oceania,2021-07-06,27,7,154913
South America,2021-07-06,27,7,2505904
Africa,2021-07-07,27,7,447259
Asia,2021-07-07,27,7,23633994
Europe,2021-07-07,27,7,4883406
North America,2021-07-07,27,7,1741255
Oceania,2021-07-07,27,7,162122
South America,2021-07-07,27,7,2629005
Africa,2021-07-08,27,7,445007
Asia,2021-07-08,27,7,23409940
Europe,2021-07-08,27,7,4790968
North America,2021-07-08,27,7,1774618
Oceania,2021-07-08,27,7,157925
South America,2021-07-08,27,7,2660719
Africa,2021-07-09,27,7,462601
Asia,2021-07-09,27,7,22826989
Europe,2021-07-09,27,7,4790035
North America,2021-07-09,27,7,1779599
Oceania,2021-07-09,27,7,156363
South America,2021-07-09,27,7,2645598
Africa,2021-07-10,27,7,461082
Asia,2021-07-10,27,7,21501725
Europe,2021-07-10,27,7,4785404
North America,2021-07-10,27,7,1821064
Oceania,2021-07-10,27,7,157265
South America,2021-07-10,27,7,2703278
Africa,2021-07-11,27,7,460717
Asia,2021-07-11,27,7,21033805
Europe,2021-07-11,27,7,4753928
North America,2021-07-11,27,7,1835151
Oceania,2021-07-11,27,7,157527
South America,2021-07-11,27,7,2832708
Africa,2021-07-12,28,7,493317
Asia,2021-07-12,28,7,20558695
Europe,2021-07-12,28,7,4749508
North America,2021-07-12,28,7,1835110
Oceania,2021-07-12,28,7,159042
South America,2021-07-12,28,7,2840798
Africa,2021-07-13,28,7,530470
Asia,2021-07-13,28,7,20601457
Europe,2021-07-13,28,7,4693180
North America,2021-07-13,28,7,1810363
Oceania,2021-07-13,28,7,160272
South America,2021-07-13,28,7,2828676
Africa,2021-07-14,28,7,562048
Asia,2021-07-14,28,7,21350400
Europe,2021-07-14,28,7,4679388
North America,2021-07-14,28,7,1781837
Oceania,2021-07-14,28,7,163900
South America,2021-07-14,28,7,2795908
Europe,2021-07-15,28,7,4666549
North America,2021-07-15,28,7,1741424
Africa,2021-07-15,28,7,637699
Asia,2021-07-15,28,7,20628231
Oceania,2021-07-15,28,7,166385
South America,2021-07-15,28,7,2828501
Africa,2021-07-16,28,7,602770
Asia,2021-07-16,28,7,20853233
Europe,2021-07-16,28,7,4756573
North America,2021-07-16,28,7,1733417
Oceania,2021-07-16,28,7,169451
South America,2021-07-16,28,7,2862967
North America,2021-07-17,28,7,1728070
Africa,2021-07-17,28,7,595451
Asia,2021-07-17,28,7,21381323
Europe,2021-07-17,28,7,4663914
Oceania,2021-07-17,28,7,170576
South America,2021-07-17,28,7,2868015
Africa,2021-07-18,28,7,574456
Asia,2021-07-18,28,7,21826654
Europe,2021-07-18,28,7,4645024
North America,2021-07-18,28,7,1755428
Oceania,2021-07-18,28,7,171761
South America,2021-07-18,28,7,2723534
Africa,2021-07-19,29,7,577919
Asia,2021-07-19,29,7,21957781
Europe,2021-07-19,29,7,4586572
North America,2021-07-19,29,7,1732387
Oceania,2021-07-19,29,7,175896
South America,2021-07-19,29,7,2718190
Africa,2021-07-20,29,7,555339
Asia,2021-07-20,29,7,21528182
Europe,2021-07-20,29,7,4685627
North America,2021-07-20,29,7,1686201
Oceania,2021-07-20,29,7,178171
South America,2021-07-20,29,7,2723838
Africa,2021-07-21,29,7,541277
Asia,2021-07-21,29,7,20869116
Europe,2021-07-21,29,7,4579096
North America,2021-07-21,29,7,1728692
Oceania,2021-07-21,29,7,183560
South America,2021-07-21,29,7,2734893
Africa,2021-07-22,29,7,490849
Asia,2021-07-22,29,7,21422257
Europe,2021-07-22,29,7,4526523
North America,2021-07-22,29,7,1805243
Oceania,2021-07-22,29,7,187666
South America,2021-07-22,29,7,2761921
Africa,2021-07-23,29,7,523183
Asia,2021-07-23,29,7,22037055
Europe,2021-07-23,29,7,4402048
North America,2021-07-23,29,7,1958380
Oceania,2021-07-23,29,7,192596
South America,2021-07-23,29,7,2795341
Africa,2021-07-24,29,7,520540
Asia,2021-07-24,29,7,22536554
Europe,2021-07-24,29,7,4338494
North America,2021-07-24,29,7,2116496
Oceania,2021-07-24,29,7,196658
South America,2021-07-24,29,7,2785084
North America,2021-07-25,29,7,2228942
Africa,2021-07-25,29,7,529298
Asia,2021-07-25,29,7,22879546
Europe,2021-07-25,29,7,4282219
Oceania,2021-07-25,29,7,199682
South America,2021-07-25,29,7,2820437
Asia,2021-07-26,30,7,24328287
Europe,2021-07-26,30,7,4279414
North America,2021-07-26,30,7,2242172
Africa,2021-07-26,30,7,545292
Oceania,2021-07-26,30,7,203161
South America,2021-07-26,30,7,2769745
Africa,2021-07-27,30,7,625412
Asia,2021-07-27,30,7,25847513
Europe,2021-07-27,30,7,4091321
North America,2021-07-27,30,7,2355538
Oceania,2021-07-27,30,7,207438
South America,2021-07-27,30,7,2752868
North America,2021-07-28,30,7,2427568
Africa,2021-07-28,30,7,692883
Asia,2021-07-28,30,7,27341603
Europe,2021-07-28,30,7,4052009
Oceania,2021-07-28,30,7,213564
South America,2021-07-28,30,7,2717407
Africa,2021-07-29,30,7,754820
Asia,2021-07-29,30,7,28222905
Europe,2021-07-29,30,7,4031160
North America,2021-07-29,30,7,2460725
Oceania,2021-07-29,30,7,218083
South America,2021-07-29,30,7,2641846
Africa,2021-07-30,30,7,772390
Asia,2021-07-30,30,7,29145678
Europe,2021-07-30,30,7,3899740
North America,2021-07-30,30,7,2435687
Oceania,2021-07-30,30,7,224444
South America,2021-07-30,30,7,2665809
Africa,2021-07-31,30,7,802097
Asia,2021-07-31,30,7,29882110
Europe,2021-07-31,30,7,3959164
North America,2021-07-31,30,7,2411698
Oceania,2021-07-31,30,7,228168
South America,2021-07-31,30,7,2689847
Africa,2021-08-01,30,8,816580
Asia,2021-08-01,30,8,31122367
Europe,2021-08-01,30,8,3933825
North America,2021-08-01,30,8,2380501
Oceania,2021-08-01,30,8,231335
South America,2021-08-01,30,8,2661984
Africa,2021-08-02,31,8,798542
Asia,2021-08-02,31,8,31728089
Europe,2021-08-02,31,8,3851550
North America,2021-08-02,31,8,2354249
Oceania,2021-08-02,31,8,234376
South America,2021-08-02,31,8,2656345
Africa,2021-08-03,31,8,894081
Asia,2021-08-03,31,8,32595413
Europe,2021-08-03,31,8,3753822
North America,2021-08-03,31,8,2301864
Oceania,2021-08-03,31,8,238785
South America,2021-08-03,31,8,2693142
Africa,2021-08-04,31,8,837469
Asia,2021-08-04,31,8,33099955
Europe,2021-08-04,31,8,3757243
North America,2021-08-04,31,8,2206145
Oceania,2021-08-04,31,8,238211
South America,2021-08-04,31,8,2827633
Africa,2021-08-05,31,8,803190
Asia,2021-08-05,31,8,32559399
Europe,2021-08-05,31,8,3599700
North America,2021-08-05,31,8,2161952
Oceania,2021-08-05,31,8,242445
South America,2021-08-05,31,8,2858299
North America,2021-08-06,31,8,2095817
Africa,2021-08-06,31,8,834087
Asia,2021-08-06,31,8,32202073
Europe,2021-08-06,31,8,3479677
Oceania,2021-08-06,31,8,244985
South America,2021-08-06,31,8,2830848
Africa,2021-08-07,31,8,855270
Asia,2021-08-07,31,8,31757282
Europe,2021-08-07,31,8,3422587
North America,2021-08-07,31,8,1968767
Oceania,2021-08-07,31,8,248194
South America,2021-08-07,31,8,2813393
North America,2021-08-08,31,8,1909283
Africa,2021-08-08,31,8,881410
Asia,2021-08-08,31,8,31171623
Europe,2021-08-08,31,8,3413160
Oceania,2021-08-08,31,8,248453
South America,2021-08-08,31,8,2829734
Africa,2021-08-09,32,8,943404
Asia,2021-08-09,32,8,30362812
Europe,2021-08-09,32,8,3372909
North America,2021-08-09,32,8,1942207
Oceania,2021-08-09,32,8,251947
South America,2021-08-09,32,8,2833090
Africa,2021-08-10,32,8,784627
Asia,2021-08-10,32,8,29575450
Europe,2021-08-10,32,8,3377263
North America,2021-08-10,32,8,1896338
Oceania,2021-08-10,32,8,259094
South America,2021-08-10,32,8,2861049
Africa,2021-08-11,32,8,845157
Asia,2021-08-11,32,8,28539660
Europe,2021-08-11,32,8,3306888
North America,2021-08-11,32,8,1845105
Oceania,2021-08-11,32,8,265145
South America,2021-08-11,32,8,2762466
Africa,2021-08-12,32,8,900474
Asia,2021-08-12,32,8,28413598
Europe,2021-08-12,32,8,3321610
North America,2021-08-12,32,8,1823617
Oceania,2021-08-12,32,8,270181
South America,2021-08-12,32,8,2821422
Africa,2021-08-13,32,8,900757
Asia,2021-08-13,32,8,27872722
Europe,2021-08-13,32,8,3541331
North America,2021-08-13,32,8,1870422
Oceania,2021-08-13,32,8,276838
South America,2021-08-13,32,8,2826903
Africa,2021-08-14,32,8,896850
Asia,2021-08-14,32,8,27600073
Europe,2021-08-14,32,8,3643709
North America,2021-08-14,32,8,1979304
Oceania,2021-08-14,32,8,278862
South America,2021-08-14,32,8,2836367
Africa,2021-08-15,32,8,930038
Asia,2021-08-15,32,8,26748686
Europe,2021-08-15,32,8,3594779
North America,2021-08-15,32,8,2103636
Oceania,2021-08-15,32,8,280389
South America,2021-08-15,32,8,2813047
North America,2021-08-16,33,8,2147022
Africa,2021-08-16,33,8,974920
Asia,2021-08-16,33,8,26320929
Europe,2021-08-16,33,8,3595893
Oceania,2021-08-16,33,8,290034
South America,2021-08-16,33,8,2943249
Asia,2021-08-17,33,8,26053719
Europe,2021-08-17,33,8,3470394
North America,2021-08-17,33,8,2162489
Africa,2021-08-17,33,8,1103514
Oceania,2021-08-17,33,8,292062
South America,2021-08-17,33,8,3052725
Africa,2021-08-18,33,8,1154300
Asia,2021-08-18,33,8,25951618
Europe,2021-08-18,33,8,3353363
North America,2021-08-18,33,8,2288379
Oceania,2021-08-18,33,8,291328
South America,2021-08-18,33,8,3121790
North America,2021-08-19,33,8,2271726
Africa,2021-08-19,33,8,1194948
Asia,2021-08-19,33,8,25437780
Europe,2021-08-19,33,8,3281959
Oceania,2021-08-19,33,8,293062
South America,2021-08-19,33,8,3253225
Africa,2021-08-20,33,8,1234967
Asia,2021-08-20,33,8,25314668
Europe,2021-08-20,33,8,3002432
North America,2021-08-20,33,8,2201703
Oceania,2021-08-20,33,8,298885
South America,2021-08-20,33,8,3357974
Africa,2021-08-21,33,8,1279950
Asia,2021-08-21,33,8,25143148
Europe,2021-08-21,33,8,2832046
North America,2021-08-21,33,8,2121485
Oceania,2021-08-21,33,8,304529
South America,2021-08-21,33,8,3428848
Africa,2021-08-22,33,8,1256658
Asia,2021-08-22,33,8,25582399
Europe,2021-08-22,33,8,2844443
North America,2021-08-22,33,8,1999362
Oceania,2021-08-22,33,8,312363
South America,2021-08-22,33,8,3534667
Africa,2021-08-23,34,8,1263593
Asia,2021-08-23,34,8,25680269
Europe,2021-08-23,34,8,2808459
North America,2021-08-23,34,8,1939256
Oceania,2021-08-23,34,8,316398
South America,2021-08-23,34,8,3570553
Africa,2021-08-24,34,8,1267647
Asia,2021-08-24,34,8,25902572
Europe,2021-08-24,34,8,2782976
North America,2021-08-24,34,8,1958704
Oceania,2021-08-24,34,8,325238
South America,2021-08-24,34,8,3542286
Africa,2021-08-25,34,8,1258577
Asia,2021-08-25,34,8,26594881
Europe,2021-08-25,34,8,2763740
North America,2021-08-25,34,8,1893201
Oceania,2021-08-25,34,8,342006
South America,2021-08-25,34,8,3529770
Africa,2021-08-26,34,8,1253387
Asia,2021-08-26,34,8,27500749
Europe,2021-08-26,34,8,2706661
North America,2021-08-26,34,8,1941509
Oceania,2021-08-26,34,8,351880
South America,2021-08-26,34,8,3373171
North America,2021-08-27,34,8,1986439
Africa,2021-08-27,34,8,1310788
Asia,2021-08-27,34,8,29082674
Europe,2021-08-27,34,8,2692631
Oceania,2021-08-27,34,8,357725
South America,2021-08-27,34,8,3361130
Europe,2021-08-28,34,8,2621254
North America,2021-08-28,34,8,2016304
Africa,2021-08-28,34,8,1293798
Asia,2021-08-28,34,8,30373706
Oceania,2021-08-28,34,8,365093
South America,2021-08-28,34,8,3356426
Africa,2021-08-29,34,8,1420971
Asia,2021-08-29,34,8,30934459
Europe,2021-08-29,34,8,2580566
North America,2021-08-29,34,8,2029581
Oceania,2021-08-29,34,8,369646
South America,2021-08-29,34,8,3328809
North America,2021-08-30,35,8,2041726
Africa,2021-08-30,35,8,1375115
Asia,2021-08-30,35,8,31358065
Europe,2021-08-30,35,8,2560484
Oceania,2021-08-30,35,8,369903
South America,2021-08-30,35,8,3207102
Africa,2021-08-31,35,8,1321079
Asia,2021-08-31,35,8,30982686
Europe,2021-08-31,35,8,2507834
North America,2021-08-31,35,8,2033100
Oceania,2021-08-31,35,8,374391
South America,2021-08-31,35,8,3183000
Africa,2021-09-01,35,9,1301178
Asia,2021-09-01,35,9,31497788
Europe,2021-09-01,35,9,2514958
North America,2021-09-01,35,9,1997772
Oceania,2021-09-01,35,9,373864
South America,2021-09-01,35,9,3103507
Africa,2021-09-02,35,9,1257409
Asia,2021-09-02,35,9,30623820
Europe,2021-09-02,35,9,2463581
North America,2021-09-02,35,9,1912097
Oceania,2021-09-02,35,9,372513
South America,2021-09-02,35,9,3070555
Africa,2021-09-03,35,9,1181856
Asia,2021-09-03,35,9,28430359
Europe,2021-09-03,35,9,2425823
North America,2021-09-03,35,9,1769328
Oceania,2021-09-03,35,9,371230
South America,2021-09-03,35,9,2990799
Africa,2021-09-04,35,9,1258684
Asia,2021-09-04,35,9,26331330
Europe,2021-09-04,35,9,2387289
North America,2021-09-04,35,9,1784250
Oceania,2021-09-04,35,9,370050
South America,2021-09-04,35,9,2887272
Africa,2021-09-05,35,9,1160822
Asia,2021-09-05,35,9,25562742
Europe,2021-09-05,35,9,2374046
North America,2021-09-05,35,9,1765373
Oceania,2021-09-05,35,9,364622
South America,2021-09-05,35,9,2842618
Africa,2021-09-06,36,9,1247596
Asia,2021-09-06,36,9,24249171
Europe,2021-09-06,36,9,2286839
North America,2021-09-06,36,9,1646768
Oceania,2021-09-06,36,9,360264
South America,2021-09-06,36,9,2814397
North America,2021-09-07,36,9,1660369
Africa,2021-09-07,36,9,1191612
Asia,2021-09-07,36,9,24687577
Europe,2021-09-07,36,9,2284683
Oceania,2021-09-07,36,9,352539
South America,2021-09-07,36,9,2530535
Asia,2021-09-08,36,9,24049830
Europe,2021-09-08,36,9,2114563
North America,2021-09-08,36,9,1648186
Africa,2021-09-08,36,9,1125222
Oceania,2021-09-08,36,9,347088
South America,2021-09-08,36,9,2502003
Africa,2021-09-09,36,9,1132432
Asia,2021-09-09,36,9,24323974
Europe,2021-09-09,36,9,2079822
North America,2021-09-09,36,9,1657193
Oceania,2021-09-09,36,9,346234
South America,2021-09-09,36,9,2563992
North America,2021-09-10,36,9,1946592
Africa,2021-09-10,36,9,1248231
Asia,2021-09-10,36,9,23991365
Europe,2021-09-10,36,9,2030392
Oceania,2021-09-10,36,9,342463
South America,2021-09-10,36,9,2645991
Africa,2021-09-11,36,9,1312495
Asia,2021-09-11,36,9,25268543
Europe,2021-09-11,36,9,1995456
North America,2021-09-11,36,9,1953473
Oceania,2021-09-11,36,9,338279
South America,2021-09-11,36,9,2718281
Africa,2021-09-12,36,9,1351653
Asia,2021-09-12,36,9,25241036
Europe,2021-09-12,36,9,1970028
North America,2021-09-12,36,9,1982161
Oceania,2021-09-12,36,9,338643
South America,2021-09-12,36,9,2737729
Africa,2021-09-13,37,9,1289856
Asia,2021-09-13,37,9,26126460
Europe,2021-09-13,37,9,2029685
North America,2021-09-13,37,9,2096053
Oceania,2021-09-13,37,9,349395
South America,2021-09-13,37,9,2743879
Africa,2021-09-14,37,9,1362913
Asia,2021-09-14,37,9,24123809
Europe,2021-09-14,37,9,1901512
North America,2021-09-14,37,9,2100129
Oceania,2021-09-14,37,9,349637
South America,2021-09-14,37,9,2962237
Africa,2021-09-15,37,9,1406783
Asia,2021-09-15,37,9,22962153
Europe,2021-09-15,37,9,1916947
North America,2021-09-15,37,9,2138094
Oceania,2021-09-15,37,9,348287
South America,2021-09-15,37,9,2980051
Africa,2021-09-16,37,9,1544413
Asia,2021-09-16,37,9,22476333
Europe,2021-09-16,37,9,1867458
North America,2021-09-16,37,9,2134210
Oceania,2021-09-16,37,9,345848
South America,2021-09-16,37,9,2873183
Africa,2021-09-17,37,9,1472068
Asia,2021-09-17,37,9,22614720
Europe,2021-09-17,37,9,1801964
North America,2021-09-17,37,9,1869696
Oceania,2021-09-17,37,9,350242
South America,2021-09-17,37,9,2816864
Africa,2021-09-18,37,9,1401806
Asia,2021-09-18,37,9,23282685
Europe,2021-09-18,37,9,1791433
North America,2021-09-18,37,9,1827482
Oceania,2021-09-18,37,9,353543
South America,2021-09-18,37,9,2759260
Africa,2021-09-19,37,9,1430183
Asia,2021-09-19,37,9,23235796
Europe,2021-09-19,37,9,1783430
North America,2021-09-19,37,9,1819576
Oceania,2021-09-19,37,9,358188
South America,2021-09-19,37,9,2737825
Africa,2021-09-20,38,9,1457073
Asia,2021-09-20,38,9,22025699
Europe,2021-09-20,38,9,1672483
North America,2021-09-20,38,9,1829667
Oceania,2021-09-20,38,9,354708
South America,2021-09-20,38,9,2681130
North America,2021-09-21,38,9,1784244
Africa,2021-09-21,38,9,1476981
Asia,2021-09-21,38,9,22577423
Europe,2021-09-21,38,9,1669258
Oceania,2021-09-21,38,9,357794
South America,2021-09-21,38,9,2633957
Africa,2021-09-22,38,9,1527486
Asia,2021-09-22,38,9,22078504
Europe,2021-09-22,38,9,1646522
North America,2021-09-22,38,9,1764453
Oceania,2021-09-22,38,9,359983
South America,2021-09-22,38,9,2618387
Africa,2021-09-23,38,9,1444755
Asia,2021-09-23,38,9,22092635
Europe,2021-09-23,38,9,1603132
North America,2021-09-23,38,9,1790215
Oceania,2021-09-23,38,9,364392
South America,2021-09-23,38,9,2641552
Africa,2021-09-24,38,9,1438125
Asia,2021-09-24,38,9,22793723
Europe,2021-09-24,38,9,1570461
North America,2021-09-24,38,9,1879084
Oceania,2021-09-24,38,9,358680
South America,2021-09-24,38,9,2562417
Africa,2021-09-25,38,9,1429790
Asia,2021-09-25,38,9,20698062
Europe,2021-09-25,38,9,1536157
North America,2021-09-25,38,9,1888019
Oceania,2021-09-25,38,9,356863
South America,2021-09-25,38,9,2565486
Africa,2021-09-26,38,9,1437416
Asia,2021-09-26,38,9,19957171
Europe,2021-09-26,38,9,1497437
North America,2021-09-26,38,9,1871436
Oceania,2021-09-26,38,9,352260
South America,2021-09-26,38,9,2601521
Africa,2021-09-27,39,9,1440846
Asia,2021-09-27,39,9,21523164
Europe,2021-09-27,39,9,1513595
North America,2021-09-27,39,9,1881553
Oceania,2021-09-27,39,9,347938
South America,2021-09-27,39,9,2651074
Africa,2021-09-28,39,9,1412963
Asia,2021-09-28,39,9,21159005
Europe,2021-09-28,39,9,1461067
North America,2021-09-28,39,9,1955683
Oceania,2021-09-28,39,9,346155
South America,2021-09-28,39,9,2620900
North America,2021-09-29,39,9,2002885
Africa,2021-09-29,39,9,1370416
Asia,2021-09-29,39,9,22211062
Europe,2021-09-29,39,9,1414611
Oceania,2021-09-29,39,9,341154
South America,2021-09-29,39,9,2590817
Asia,2021-09-30,39,9,21628623
Europe,2021-09-30,39,9,1530722
North America,2021-09-30,39,9,2052986
Africa,2021-09-30,39,9,1308459
Oceania,2021-09-30,39,9,340092
South America,2021-09-30,39,9,2619099
Africa,2021-10-01,39,10,1316458
Asia,2021-10-01,39,10,20529897
Europe,2021-10-01,39,10,1539544
North America,2021-10-01,39,10,2004021
Oceania,2021-10-01,39,10,342233
South America,2021-10-01,39,10,2668587
North America,2021-10-02,39,10,1924429
Africa,2021-10-02,39,10,1323884
Asia,2021-10-02,39,10,20718282
Europe,2021-10-02,39,10,1566653
Oceania,2021-10-02,39,10,341234
South America,2021-10-02,39,10,2654021
Africa,2021-10-03,39,10,1290670
Asia,2021-10-03,39,10,20648695
Europe,2021-10-03,39,10,1573776
North America,2021-10-03,39,10,1916259
Oceania,2021-10-03,39,10,340945
South America,2021-10-03,39,10,2603422
Africa,2021-10-04,40,10,1259873
Asia,2021-10-04,40,10,18756262
Europe,2021-10-04,40,10,1578558
North America,2021-10-04,40,10,1916551
Oceania,2021-10-04,40,10,326687
South America,2021-10-04,40,10,2529915
Africa,2021-10-05,40,10,1266002
Asia,2021-10-05,40,10,18889105
Europe,2021-10-05,40,10,1648631
North America,2021-10-05,40,10,1947455
Oceania,2021-10-05,40,10,332495
South America,2021-10-05,40,10,2489982
Africa,2021-10-06,40,10,1303753
Asia,2021-10-06,40,10,17360356
Europe,2021-10-06,40,10,1712483
North America,2021-10-06,40,10,1973647
Oceania,2021-10-06,40,10,340921
South America,2021-10-06,40,10,2493299
Africa,2021-10-07,40,10,1314560
Asia,2021-10-07,40,10,16534722
Europe,2021-10-07,40,10,1801707
North America,2021-10-07,40,10,1945736
Oceania,2021-10-07,40,10,345002
South America,2021-10-07,40,10,2456580
Africa,2021-10-08,40,10,1297857
Asia,2021-10-08,40,10,16896647
Europe,2021-10-08,40,10,1795479
North America,2021-10-08,40,10,2014157
Oceania,2021-10-08,40,10,351378
South America,2021-10-08,40,10,2372059
Africa,2021-10-09,40,10,1272598
Asia,2021-10-09,40,10,16942426
Europe,2021-10-09,40,10,1785794
North America,2021-10-09,40,10,2071763
Oceania,2021-10-09,40,10,359750
South America,2021-10-09,40,10,2356940
North America,2021-10-10,40,10,2072118
Africa,2021-10-10,40,10,1270290
Asia,2021-10-10,40,10,17455344
Europe,2021-10-10,40,10,1801448
Oceania,2021-10-10,40,10,366101
South America,2021-10-10,40,10,2377252
Europe,2021-10-11,41,10,1773083
North America,2021-10-11,41,10,2024250
Africa,2021-10-11,41,10,1277671
Asia,2021-10-11,41,10,17176129
Oceania,2021-10-11,41,10,386432
South America,2021-10-11,41,10,2372813
Africa,2021-10-12,41,10,1312409
Asia,2021-10-12,41,10,17101416
Europe,2021-10-12,41,10,1710059
North America,2021-10-12,41,10,1966689
Oceania,2021-10-12,41,10,386072
South America,2021-10-12,41,10,2227127
North America,2021-10-13,41,10,1881843
Africa,2021-10-13,41,10,1341720
Asia,2021-10-13,41,10,17111321
Europe,2021-10-13,41,10,1716515
Oceania,2021-10-13,41,10,383457
South America,2021-10-13,41,10,2113166
Africa,2021-10-14,41,10,1358057
Asia,2021-10-14,41,10,17164327
Europe,2021-10-14,41,10,1499168
North America,2021-10-14,41,10,1846850
Oceania,2021-10-14,41,10,378842
South America,2021-10-14,41,10,2234438
Africa,2021-10-15,41,10,1423752
Asia,2021-10-15,41,10,16392347
Europe,2021-10-15,41,10,1568869
North America,2021-10-15,41,10,1793147
Oceania,2021-10-15,41,10,372041
South America,2021-10-15,41,10,2341893
Africa,2021-10-16,41,10,1473451
Asia,2021-10-16,41,10,15493126
Europe,2021-10-16,41,10,1647705
North America,2021-10-16,41,10,1794394
Oceania,2021-10-16,41,10,373411
South America,2021-10-16,41,10,2421044
Africa,2021-10-17,41,10,1519028
Asia,2021-10-17,41,10,14948685
Europe,2021-10-17,41,10,1715731
North America,2021-10-17,41,10,1818988
Oceania,2021-10-17,41,10,370709
South America,2021-10-17,41,10,2428614
Africa,2021-10-18,42,10,1549384
Asia,2021-10-18,42,10,15081604
Europe,2021-10-18,42,10,1812924
North America,2021-10-18,42,10,2041433
Oceania,2021-10-18,42,10,361942
South America,2021-10-18,42,10,2462732
Africa,2021-10-19,42,10,1538408
Asia,2021-10-19,42,10,15527143
Europe,2021-10-19,42,10,1928076
North America,2021-10-19,42,10,1997600
Oceania,2021-10-19,42,10,348005
South America,2021-10-19,42,10,2666828
Africa,2021-10-20,42,10,1511935
Asia,2021-10-20,42,10,16363014
Europe,2021-10-20,42,10,1982461
North America,2021-10-20,42,10,1962424
Oceania,2021-10-20,42,10,337068
South America,2021-10-20,42,10,2907060
North America,2021-10-21,42,10,1926633
Africa,2021-10-21,42,10,1512444
Asia,2021-10-21,42,10,16679995
Europe,2021-10-21,42,10,2069563
Oceania,2021-10-21,42,10,327243
South America,2021-10-21,42,10,2708099
Asia,2021-10-22,42,10,17404483
Europe,2021-10-22,42,10,2104413
North America,2021-10-22,42,10,1949094
Africa,2021-10-22,42,10,1508721
Oceania,2021-10-22,42,10,318656
South America,2021-10-22,42,10,2620291
Africa,2021-10-23,42,10,1509670
Asia,2021-10-23,42,10,17802206
Europe,2021-10-23,42,10,2151341
North America,2021-10-23,42,10,1963853
Oceania,2021-10-23,42,10,304467
South America,2021-10-23,42,10,2509612
North America,2021-10-24,42,10,1977734
Africa,2021-10-24,42,10,1501827
Asia,2021-10-24,42,10,18325451
Europe,2021-10-24,42,10,2119430
Oceania,2021-10-24,42,10,297229
South America,2021-10-24,42,10,2544644
Africa,2021-10-25,43,10,1568954
Asia,2021-10-25,43,10,17981808
Europe,2021-10-25,43,10,2101145
North America,2021-10-25,43,10,1873079
Oceania,2021-10-25,43,10,285275
South America,2021-10-25,43,10,2739263
Africa,2021-10-26,43,10,1644254
Asia,2021-10-26,43,10,17592744
Europe,2021-10-26,43,10,2093692
North America,2021-10-26,43,10,2125072
Oceania,2021-10-26,43,10,277958
South America,2021-10-26,43,10,2792287
Africa,2021-10-27,43,10,1661943
Asia,2021-10-27,43,10,17202545
Europe,2021-10-27,43,10,2105363
North America,2021-10-27,43,10,2231907
Oceania,2021-10-27,43,10,269373
South America,2021-10-27,43,10,2713662
Africa,2021-10-28,43,10,1686808
Asia,2021-10-28,43,10,17807221
Europe,2021-10-28,43,10,2119231
North America,2021-10-28,43,10,2323389
Oceania,2021-10-28,43,10,262323
South America,2021-10-28,43,10,2817638
Africa,2021-10-29,43,10,1704418
Asia,2021-10-29,43,10,18508588
Europe,2021-10-29,43,10,2151665
North America,2021-10-29,43,10,2367113
Oceania,2021-10-29,43,10,253122
South America,2021-10-29,43,10,2856064
Africa,2021-10-30,43,10,1731045
Asia,2021-10-30,43,10,19770383
Europe,2021-10-30,43,10,2165275
North America,2021-10-30,43,10,3313423
Oceania,2021-10-30,43,10,246109
South America,2021-10-30,43,10,2819180
Africa,2021-10-31,43,10,1733742
Asia,2021-10-31,43,10,19791293
Europe,2021-10-31,43,10,2179027
North America,2021-10-31,43,10,3254747
Oceania,2021-10-31,43,10,240868
South America,2021-10-31,43,10,2752612
North America,2021-11-01,44,11,3180122
Africa,2021-11-01,44,11,1648903
Asia,2021-11-01,44,11,20779200
Europe,2021-11-01,44,11,2120258
Oceania,2021-11-01,44,11,241907
South America,2021-11-01,44,11,2388000
North America,2021-11-02,44,11,2938538
Africa,2021-11-02,44,11,1553421
Asia,2021-11-02,44,11,20458418
Europe,2021-11-02,44,11,2182737
Oceania,2021-11-02,44,11,231285
South America,2021-11-02,44,11,2081102
Africa,2021-11-03,44,11,1513641
Asia,2021-11-03,44,11,20988605
Europe,2021-11-03,44,11,2257320
North America,2021-11-03,44,11,2860561
Oceania,2021-11-03,44,11,226101
South America,2021-11-03,44,11,1935427
North America,2021-11-04,44,11,2837242
Africa,2021-11-04,44,11,1482313
Asia,2021-11-04,44,11,20911522
Europe,2021-11-04,44,11,2519605
Oceania,2021-11-04,44,11,219038
South America,2021-11-04,44,11,1956683
Africa,2021-11-05,44,11,1425266
Asia,2021-11-05,44,11,20142565
Europe,2021-11-05,44,11,2446764
North America,2021-11-05,44,11,2856679
Oceania,2021-11-05,44,11,215258
South America,2021-11-05,44,11,2003954
Africa,2021-11-06,44,11,1367871
Asia,2021-11-06,44,11,19687334
Europe,2021-11-06,44,11,2352725
North America,2021-11-06,44,11,1957805
Oceania,2021-11-06,44,11,210756
South America,2021-11-06,44,11,2041117
Africa,2021-11-07,44,11,1408577
Asia,2021-11-07,44,11,20152172
Europe,2021-11-07,44,11,2320865
North America,2021-11-07,44,11,2039259
Oceania,2021-11-07,44,11,206707
South America,2021-11-07,44,11,2099900
Africa,2021-11-08,45,11,1460754
Asia,2021-11-08,45,11,20556457
Europe,2021-11-08,45,11,2411782
North America,2021-11-08,45,11,2084017
Oceania,2021-11-08,45,11,196059
South America,2021-11-08,45,11,2356977
Africa,2021-11-09,45,11,1525940
Asia,2021-11-09,45,11,21496280
Europe,2021-11-09,45,11,2534631
North America,2021-11-09,45,11,2186239
Oceania,2021-11-09,45,11,192745
South America,2021-11-09,45,11,2568961
Africa,2021-11-10,45,11,1596662
Asia,2021-11-10,45,11,21895062
Europe,2021-11-10,45,11,2581247
North America,2021-11-10,45,11,2292635
Oceania,2021-11-10,45,11,186037
South America,2021-11-10,45,11,2662212
Africa,2021-11-11,45,11,1659316
Asia,2021-11-11,45,11,22225745
Europe,2021-11-11,45,11,2485011
North America,2021-11-11,45,11,2324236
Oceania,2021-11-11,45,11,180790
South America,2021-11-11,45,11,2619310
North America,2021-11-12,45,11,2340711
Africa,2021-11-12,45,11,1688552
Asia,2021-11-12,45,11,23249097
Europe,2021-11-12,45,11,2635058
Oceania,2021-11-12,45,11,174660
South America,2021-11-12,45,11,2485609
Asia,2021-11-13,45,11,23840100
Europe,2021-11-13,45,11,2784769
North America,2021-11-13,45,11,2342364
Africa,2021-11-13,45,11,1727006
Oceania,2021-11-13,45,11,169170
South America,2021-11-13,45,11,2452634
Africa,2021-11-14,45,11,1669774
Asia,2021-11-14,45,11,23324166
Europe,2021-11-14,45,11,2914351
North America,2021-11-14,45,11,2325801
Oceania,2021-11-14,45,11,168337
South America,2021-11-14,45,11,2398418
North America,2021-11-15,46,11,2346582
Africa,2021-11-15,46,11,1625191
Asia,2021-11-15,46,11,22773903
Europe,2021-11-15,46,11,3009844
Oceania,2021-11-15,46,11,166049
South America,2021-11-15,46,11,2376693
Africa,2021-11-16,46,11,1571620
Asia,2021-11-16,46,11,22449662
Europe,2021-11-16,46,11,3019417
North America,2021-11-16,46,11,2309462
Oceania,2021-11-16,46,11,164175
South America,2021-11-16,46,11,2282465
Africa,2021-11-17,46,11,1517554
Asia,2021-11-17,46,11,21987918
Europe,2021-11-17,46,11,3150753
North America,2021-11-17,46,11,2275990
Oceania,2021-11-17,46,11,160431
South America,2021-11-17,46,11,2318817
Africa,2021-11-18,46,11,1454461
Asia,2021-11-18,46,11,21680363
Europe,2021-11-18,46,11,3191982
North America,2021-11-18,46,11,2281527
Oceania,2021-11-18,46,11,155391
South America,2021-11-18,46,11,2278652
Africa,2021-11-19,46,11,1442939
Asia,2021-11-19,46,11,20860285
Europe,2021-11-19,46,11,3256747
North America,2021-11-19,46,11,2277804
Oceania,2021-11-19,46,11,149784
South America,2021-11-19,46,11,2309353
Africa,2021-11-20,46,11,1452172
Asia,2021-11-20,46,11,20996015
Europe,2021-11-20,46,11,3416339
North America,2021-11-20,46,11,2214161
Oceania,2021-11-20,46,11,146505
South America,2021-11-20,46,11,2361279
Africa,2021-11-21,46,11,1510257
Asia,2021-11-21,46,11,20963178
Europe,2021-11-21,46,11,3375088
North America,2021-11-21,46,11,2155569
Oceania,2021-11-21,46,11,140556
South America,2021-11-21,46,11,2377419
Africa,2021-11-22,47,11,1574455
Asia,2021-11-22,47,11,21425831
Europe,2021-11-22,47,11,3410112
North America,2021-11-22,47,11,2135379
Oceania,2021-11-22,47,11,140166
South America,2021-11-22,47,11,2340005
North America,2021-11-23,47,11,2105846
Africa,2021-11-23,47,11,1660323
Asia,2021-11-23,47,11,21792984
Europe,2021-11-23,47,11,3431122
Oceania,2021-11-23,47,11,135836
South America,2021-11-23,47,11,2408178
Europe,2021-11-24,47,11,3477906
North America,2021-11-24,47,11,2022097
Africa,2021-11-24,47,11,1752704
Asia,2021-11-24,47,11,22119329
Oceania,2021-11-24,47,11,132294
South America,2021-11-24,47,11,2333016
Africa,2021-11-25,47,11,1873669
Asia,2021-11-25,47,11,22102732
Europe,2021-11-25,47,11,3659334
North America,2021-11-25,47,11,1743000
Oceania,2021-11-25,47,11,128741
South America,2021-11-25,47,11,2280062
North America,2021-11-26,47,11,1582944
Africa,2021-11-26,47,11,1944857
Asia,2021-11-26,47,11,23095436
Europe,2021-11-26,47,11,3845877
Oceania,2021-11-26,47,11,126351
South America,2021-11-26,47,11,2266358
Africa,2021-11-27,47,11,1968031
Asia,2021-11-27,47,11,22128941
Europe,2021-11-27,47,11,3815476
North America,2021-11-27,47,11,1531555
Oceania,2021-11-27,47,11,123879
South America,2021-11-27,47,11,2225975
Africa,2021-11-28,47,11,1954828
Asia,2021-11-28,47,11,23362831
Europe,2021-11-28,47,11,3870998
North America,2021-11-28,47,11,1529104
Oceania,2021-11-28,47,11,125705
South America,2021-11-28,47,11,2203158
Africa,2021-11-29,48,11,1977040
Asia,2021-11-29,48,11,23663401
Europe,2021-11-29,48,11,3970328
North America,2021-11-29,48,11,1510380
Oceania,2021-11-29,48,11,122537
South America,2021-11-29,48,11,2097690
Africa,2021-11-30,48,11,1965419
Asia,2021-11-30,48,11,23951971
Europe,2021-11-30,48,11,4134725
North America,2021-11-30,48,11,1583124
Oceania,2021-11-30,48,11,123326
South America,2021-11-30,48,11,2058193
Africa,2021-12-01,48,12,1920107
Asia,2021-12-01,48,12,23991243
Europe,2021-12-01,48,12,4176333
North America,2021-12-01,48,12,1715186
Oceania,2021-12-01,48,12,123206
South America,2021-12-01,48,12,2137972
Africa,2021-12-02,48,12,1892404
Asia,2021-12-02,48,12,24949943
Europe,2021-12-02,48,12,4219393
North America,2021-12-02,48,12,2062248
Oceania,2021-12-02,48,12,124604
South America,2021-12-02,48,12,2169052
Africa,2021-12-03,48,12,1987195
Asia,2021-12-03,48,12,24001133
Europe,2021-12-03,48,12,4199730
North America,2021-12-03,48,12,2381488
Oceania,2021-12-03,48,12,125488
South America,2021-12-03,48,12,2211607
North America,2021-12-04,48,12,2331298
Africa,2021-12-04,48,12,1957295
Asia,2021-12-04,48,12,25423664
Europe,2021-12-04,48,12,4353495
Oceania,2021-12-04,48,12,124760
South America,2021-12-04,48,12,2215539
Asia,2021-12-05,48,12,24473210
Europe,2021-12-05,48,12,4384267
North America,2021-12-05,48,12,2381486
Africa,2021-12-05,48,12,1936906
Oceania,2021-12-05,48,12,123562
South America,2021-12-05,48,12,2168732
Africa,2021-12-06,49,12,1880734
Asia,2021-12-06,49,12,23800681
Europe,2021-12-06,49,12,4367405
North America,2021-12-06,49,12,2422598
Oceania,2021-12-06,49,12,119417
South America,2021-12-06,49,12,2214148
North America,2021-12-07,49,12,2433327
Africa,2021-12-07,49,12,1815913
Asia,2021-12-07,49,12,23226290
Europe,2021-12-07,49,12,4405072
Oceania,2021-12-07,49,12,115658
South America,2021-12-07,49,12,2074091
Africa,2021-12-08,49,12,1796481
Asia,2021-12-08,49,12,22611543
Europe,2021-12-08,49,12,4370701
North America,2021-12-08,49,12,2416566
Oceania,2021-12-08,49,12,113659
South America,2021-12-08,49,12,1906896
Africa,2021-12-09,49,12,1762910
Asia,2021-12-09,49,12,22260557
Europe,2021-12-09,49,12,4396893
North America,2021-12-09,49,12,2385959
Oceania,2021-12-09,49,12,110809
South America,2021-12-09,49,12,1909319
Africa,2021-12-10,49,12,1559776
Asia,2021-12-10,49,12,25064109
Europe,2021-12-10,49,12,4552065
North America,2021-12-10,49,12,2277811
Oceania,2021-12-10,49,12,106552
South America,2021-12-10,49,12,1823209
Africa,2021-12-11,49,12,1615004
Asia,2021-12-11,49,12,25726964
Europe,2021-12-11,49,12,4783345
North America,2021-12-11,49,12,2282491
Oceania,2021-12-11,49,12,105097
South America,2021-12-11,49,12,1740732
Africa,2021-12-12,49,12,1250363
Asia,2021-12-12,49,12,25637634
Europe,2021-12-12,49,12,4988106
North America,2021-12-12,49,12,2260532
Oceania,2021-12-12,49,12,103448
South America,2021-12-12,49,12,1731128
Africa,2021-12-13,50,12,1251100
Asia,2021-12-13,50,12,25551557
Europe,2021-12-13,50,12,5040419
North America,2021-12-13,50,12,2145072
Oceania,2021-12-13,50,12,112144
South America,2021-12-13,50,12,1720622
Africa,2021-12-14,50,12,1326584
Asia,2021-12-14,50,12,26396768
Europe,2021-12-14,50,12,5130582
North America,2021-12-14,50,12,1910664
Oceania,2021-12-14,50,12,113465
South America,2021-12-14,50,12,1312000
Oceania,2021-12-15,50,12,125690
South America,2021-12-15,50,12,1044158
Africa,2021-12-15,50,12,1149219
Asia,2021-12-15,50,12,14847466
Europe,2021-12-15,50,12,2464667
North America,2021-12-15,50,12,1700320
