South America,2021-01-01,53,1,47568
Asia,2021-01-01,53,1,75315
Europe,2021-01-01,53,1,228533
North America,2021-01-01,53,1,187426
Oceania,2021-01-01,53,1,35
Africa,2021-01-02,53,1,22890
South America,2021-01-02,53,1,39297
Oceania,2021-01-02,53,1,43
North America,2021-01-02,53,1,312718
Europe,2021-01-02,53,1,159785
Asia,2021-01-02,53,1,70905
North America,2021-01-03,53,1,222896
South America,2021-01-03,53,1,39702
Africa,2021-01-03,53,1,21995
Europe,2021-01-03,53,1,168700
Oceania,2021-01-03,53,1,39
Asia,2021-01-03,53,1,69629
South America,2021-01-04,1,1,45506
North America,2021-01-04,1,1,206959
Europe,2021-01-04,1,1,203852
Asia,2021-01-04,1,1,72182
Africa,2021-01-04,1,1,21779
Oceania,2021-01-04,1,1,18
Asia,2021-01-05,1,1,82498
Oceania,2021-01-05,1,1,23
South America,2021-01-05,1,1,94346
Africa,2021-01-05,1,1,26841
Europe,2021-01-05,1,1,283135
North America,2021-01-05,1,1,256956
Oceania,2021-01-06,1,1,12
Africa,2021-01-06,1,1,35797
North America,2021-01-06,1,1,288367
South America,2021-01-06,1,1,103776
Asia,2021-01-06,1,1,87679
Europe,2021-01-06,1,1,275700
South America,2021-01-07,1,1,128346
Oceania,2021-01-07,1,1,25
Asia,2021-01-07,1,1,87705
North America,2021-01-07,1,1,319325
Europe,2021-01-07,1,1,321892
Africa,2021-01-07,1,1,35429
North America,2021-01-08,1,1,335767
Africa,2021-01-08,1,1,36440
South America,2021-01-08,1,1,97114
Europe,2021-01-08,1,1,280113
Oceania,2021-01-08,1,1,23
Asia,2021-01-08,1,1,67529
Oceania,2021-01-09,1,1,44
Africa,2021-01-09,1,1,35072
North America,2021-01-09,1,1,292207
South America,2021-01-09,1,1,98686
Asia,2021-01-09,1,1,105026
Europe,2021-01-09,1,1,231817
North America,2021-01-10,1,1,236079
South America,2021-01-10,1,1,61587
Asia,2021-01-10,1,1,76503
Africa,2021-01-10,1,1,31638
Oceania,2021-01-10,1,1,22
Europe,2021-01-10,1,1,184838
Europe,2021-01-11,2,1,213711
South America,2021-01-11,2,1,66290
Africa,2021-01-11,2,1,28004
Asia,2021-01-11,2,1,74355
Oceania,2021-01-11,2,1,28
North America,2021-01-11,2,1,234199
Africa,2021-01-12,2,1,26065
North America,2021-01-12,2,1,249982
Asia,2021-01-12,2,1,82004
Oceania,2021-01-12,2,1,26
Europe,2021-01-12,2,1,240565
South America,2021-01-12,2,1,102425
Africa,2021-01-13,2,1,34061
North America,2021-01-13,2,1,262184
Oceania,2021-01-13,2,1,20
Europe,2021-01-13,2,1,265910
Asia,2021-01-13,2,1,87146
South America,2021-01-13,2,1,101853
Asia,2021-01-14,2,1,86513
Oceania,2021-01-14,2,1,28
Europe,2021-01-14,2,1,259998
North America,2021-01-14,2,1,269827
South America,2021-01-14,2,1,109505
Africa,2021-01-14,2,1,34246
Africa,2021-01-15,2,1,31558
North America,2021-01-15,2,1,282386
Europe,2021-01-15,2,1,247888
Oceania,2021-01-15,2,1,20
South America,2021-01-15,2,1,129021
Asia,2021-01-15,2,1,82624
Oceania,2021-01-16,2,1,31
Asia,2021-01-16,2,1,85704
Africa,2021-01-16,2,1,27528
Europe,2021-01-16,2,1,187439
South America,2021-01-16,2,1,103838
North America,2021-01-16,2,1,243423
Europe,2021-01-17,2,1,157105
Africa,2021-01-17,2,1,26628
North America,2021-01-17,2,1,199523
South America,2021-01-17,2,1,70576
Oceania,2021-01-17,2,1,19
Asia,2021-01-17,2,1,75170
North America,2021-01-18,3,1,162200
Africa,2021-01-18,3,1,22425
South America,2021-01-18,3,1,53879
Europe,2021-01-18,3,1,210940
Asia,2021-01-18,3,1,64599
Oceania,2021-01-18,3,1,10
Oceania,2021-01-19,3,1,14
South America,2021-01-19,3,1,98987
Asia,2021-01-19,3,1,74703
Europe,2021-01-19,3,1,206109
North America,2021-01-19,3,1,196376
Africa,2021-01-19,3,1,23475
Asia,2021-01-20,3,1,81777
Oceania,2021-01-20,3,1,10
North America,2021-01-20,3,1,219165
South America,2021-01-20,3,1,117692
Europe,2021-01-20,3,1,250756
Africa,2021-01-20,3,1,28336
Asia,2021-01-21,3,1,76382
North America,2021-01-21,3,1,228437
Oceania,2021-01-21,3,1,16
Europe,2021-01-21,3,1,227448
South America,2021-01-21,3,1,97257
Africa,2021-01-21,3,1,27950
Africa,2021-01-22,3,1,25980
Europe,2021-01-22,3,1,233137
South America,2021-01-22,3,1,102569
Asia,2021-01-22,3,1,75670
North America,2021-01-22,3,1,223313
Oceania,2021-01-22,3,1,5
Oceania,2021-01-23,3,1,13
South America,2021-01-23,3,1,95726
Africa,2021-01-23,3,1,27364
North America,2021-01-23,3,1,206365
Europe,2021-01-23,3,1,172453
Asia,2021-01-23,3,1,73152
Asia,2021-01-24,3,1,66923
Oceania,2021-01-24,3,1,16
Europe,2021-01-24,3,1,146158
North America,2021-01-24,3,1,158158
South America,2021-01-24,3,1,67306
Africa,2021-01-24,3,1,20181
Africa,2021-01-25,4,1,16646
South America,2021-01-25,4,1,54378
Europe,2021-01-25,4,1,198249
North America,2021-01-25,4,1,162243
Asia,2021-01-25,4,1,59693
Oceania,2021-01-25,4,1,5
Oceania,2021-01-26,4,1,26
Europe,2021-01-26,4,1,181824
North America,2021-01-26,4,1,173007
Africa,2021-01-26,4,1,18595
Asia,2021-01-26,4,1,75207
South America,2021-01-26,4,1,107741
Africa,2021-01-27,4,1,20862
North America,2021-01-27,4,1,184358
Asia,2021-01-27,4,1,80013
Oceania,2021-01-27,4,1,13
South America,2021-01-27,4,1,97912
Europe,2021-01-27,4,1,219073
Oceania,2021-01-28,4,1,11
North America,2021-01-28,4,1,197298
Africa,2021-01-28,4,1,20778
South America,2021-01-28,4,1,101514
Asia,2021-01-28,4,1,82881
Europe,2021-01-28,4,1,212020
Europe,2021-01-29,4,1,206128
Asia,2021-01-29,4,1,76799
South America,2021-01-29,4,1,95548
Africa,2021-01-29,4,1,19206
North America,2021-01-29,4,1,194138
Oceania,2021-01-29,4,1,5
Asia,2021-01-30,4,1,74297
Europe,2021-01-30,4,1,158643
Africa,2021-01-30,4,1,17868
North America,2021-01-30,4,1,171450
Oceania,2021-01-30,4,1,6
South America,2021-01-30,4,1,99075
Asia,2021-01-31,4,1,67495
Oceania,2021-01-31,4,1,7
North America,2021-01-31,4,1,131128
Africa,2021-01-31,4,1,15762
South America,2021-01-31,4,1,54657
Europe,2021-01-31,4,1,120622
Europe,2021-02-01,5,2,173608
South America,2021-02-01,5,2,47615
Asia,2021-02-01,5,2,65870
Oceania,2021-02-01,5,2,24
North America,2021-02-01,5,2,144104
Africa,2021-02-01,5,2,12703
Africa,2021-02-02,5,2,14810
North America,2021-02-02,5,2,127366
Asia,2021-02-02,5,2,69298
South America,2021-02-02,5,2,85644
Oceania,2021-02-02,5,2,7
Europe,2021-02-02,5,2,162989
South America,2021-02-03,5,2,99539
Oceania,2021-02-03,5,2,15
Asia,2021-02-03,5,2,76353
North America,2021-02-03,5,2,145800
Africa,2021-02-03,5,2,15463
Europe,2021-02-03,5,2,190045
North America,2021-02-04,5,2,134363
Asia,2021-02-04,5,2,72843
South America,2021-02-04,5,2,83830
Oceania,2021-02-04,5,2,6
Europe,2021-02-04,5,2,161914
Africa,2021-02-04,5,2,16465
South America,2021-02-05,5,2,82693
Europe,2021-02-05,5,2,199760
Asia,2021-02-05,5,2,68765
Africa,2021-02-05,5,2,15932
North America,2021-02-05,5,2,168575
Oceania,2021-02-05,5,2,30
South America,2021-02-06,5,2,31921
Asia,2021-02-06,5,2,69707
North America,2021-02-06,5,2,133037
Europe,2021-02-06,5,2,133760
Africa,2021-02-06,5,2,13340
Oceania,2021-02-06,5,2,8
Oceania,2021-02-07,5,2,10
South America,2021-02-07,5,2,108156
Asia,2021-02-07,5,2,66049
Africa,2021-02-07,5,2,11941
North America,2021-02-07,5,2,105083
Europe,2021-02-07,5,2,114553
Europe,2021-02-08,6,2,129288
Asia,2021-02-08,6,2,59418
North America,2021-02-08,6,2,97574
Oceania,2021-02-08,6,2,10
South America,2021-02-08,6,2,16115
Africa,2021-02-08,6,2,11360
South America,2021-02-09,6,2,105715
Oceania,2021-02-09,6,2,13
Asia,2021-02-09,6,2,68015
North America,2021-02-09,6,2,112865
Europe,2021-02-09,6,2,132919
Africa,2021-02-09,6,2,11293
South America,2021-02-10,6,2,80298
Asia,2021-02-10,6,2,71055
North America,2021-02-10,6,2,115826
Europe,2021-02-10,6,2,159038
Oceania,2021-02-10,6,2,9
Africa,2021-02-10,6,2,13118
South America,2021-02-11,6,2,84166
Oceania,2021-02-11,6,2,24
North America,2021-02-11,6,2,126002
Asia,2021-02-11,6,2,64987
Europe,2021-02-11,6,2,157837
Africa,2021-02-11,6,2,11917
Asia,2021-02-12,6,2,66779
Africa,2021-02-12,6,2,13901
Europe,2021-02-12,6,2,150770
Oceania,2021-02-12,6,2,7
North America,2021-02-12,6,2,118460
South America,2021-02-12,6,2,81631
South America,2021-02-13,6,2,72617
North America,2021-02-13,6,2,107153
Europe,2021-02-13,6,2,124454
Africa,2021-02-13,6,2,10931
Oceania,2021-02-13,6,2,8
Asia,2021-02-13,6,2,63053
South America,2021-02-14,6,2,56239
North America,2021-02-14,6,2,75788
Europe,2021-02-14,6,2,98923
Africa,2021-02-14,6,2,10415
Oceania,2021-02-14,6,2,8
Asia,2021-02-14,6,2,58686
Oceania,2021-02-15,7,2,7
Asia,2021-02-15,7,2,59360
Africa,2021-02-15,7,2,9846
Europe,2021-02-15,7,2,104966
North America,2021-02-15,7,2,63969
South America,2021-02-15,7,2,48263
South America,2021-02-16,7,2,68630
North America,2021-02-16,7,2,76555
Europe,2021-02-16,7,2,126355
Oceania,2021-02-16,7,2,50
Asia,2021-02-16,7,2,68749
Africa,2021-02-16,7,2,9990
North America,2021-02-17,7,2,86323
South America,2021-02-17,7,2,79346
Oceania,2021-02-17,7,2,5
Africa,2021-02-17,7,2,12164
Europe,2021-02-17,7,2,150576
Asia,2021-02-17,7,2,69477
Oceania,2021-02-18,7,2,10
South America,2021-02-18,7,2,80686
Europe,2021-02-18,7,2,157339
North America,2021-02-18,7,2,89086
Africa,2021-02-18,7,2,14048
Asia,2021-02-18,7,2,66730
Oceania,2021-02-19,7,2,4
North America,2021-02-19,7,2,94038
Africa,2021-02-19,7,2,11044
Asia,2021-02-19,7,2,67232
South America,2021-02-19,7,2,84031
Europe,2021-02-19,7,2,157866
North America,2021-02-20,7,2,88336
Europe,2021-02-20,7,2,132423
Africa,2021-02-20,7,2,9539
South America,2021-02-20,7,2,82808
Asia,2021-02-20,7,2,62702
Oceania,2021-02-20,7,2,21
North America,2021-02-21,7,2,67809
Europe,2021-02-21,7,2,117305
Oceania,2021-02-21,7,2,11
Asia,2021-02-21,7,2,67477
South America,2021-02-21,7,2,58614
Africa,2021-02-21,7,2,9511
Europe,2021-02-22,8,2,106309
Oceania,2021-02-22,8,2,99
Africa,2021-02-22,8,2,9019
South America,2021-02-22,8,2,42452
North America,2021-02-22,8,2,64625
Asia,2021-02-22,8,2,67252
Europe,2021-02-23,8,2,138066
Asia,2021-02-23,8,2,73680
South America,2021-02-23,8,2,84162
Oceania,2021-02-23,8,2,59
Africa,2021-02-23,8,2,7759
North America,2021-02-23,8,2,88332
Asia,2021-02-24,8,2,76444
North America,2021-02-24,8,2,91458
South America,2021-02-24,8,2,94848
Oceania,2021-02-24,8,2,40
Africa,2021-02-24,8,2,10479
Europe,2021-02-24,8,2,174883
Oceania,2021-02-25,8,2,102
South America,2021-02-25,8,2,95751
North America,2021-02-25,8,2,93782
Europe,2021-02-25,8,2,173066
Asia,2021-02-25,8,2,75975
Africa,2021-02-25,8,2,12366
Asia,2021-02-26,8,2,74900
Europe,2021-02-26,8,2,168050
Africa,2021-02-26,8,2,11079
Oceania,2021-02-26,8,2,11
South America,2021-02-26,8,2,99192
North America,2021-02-26,8,2,93742
Europe,2021-02-27,8,2,149003
Asia,2021-02-27,8,2,70027
Oceania,2021-02-27,8,2,56
South America,2021-02-27,8,2,87048
North America,2021-02-27,8,2,80079
Africa,2021-02-27,8,2,7832
Asia,2021-02-28,8,2,67991
Africa,2021-02-28,8,2,9414
Oceania,2021-02-28,8,2,10
Europe,2021-02-28,8,2,123369
North America,2021-02-28,8,2,59997
South America,2021-02-28,8,2,48219
North America,2021-03-01,9,3,64423
Europe,2021-03-01,9,3,104425
Africa,2021-03-01,9,3,8789
Asia,2021-03-01,9,3,69018
Oceania,2021-03-01,9,3,102
South America,2021-03-01,9,3,58038
North America,2021-03-02,9,3,72481
Oceania,2021-03-02,9,3,12
South America,2021-03-02,9,3,85389
Europe,2021-03-02,9,3,71513
Africa,2021-03-02,9,3,7551
Asia,2021-03-02,9,3,76516
Europe,2021-03-03,9,3,178057
Africa,2021-03-03,9,3,10864
North America,2021-03-03,9,3,82031
Oceania,2021-03-03,9,3,20
Asia,2021-03-03,9,3,80711
South America,2021-03-03,9,3,91956
Oceania,2021-03-04,9,3,14
Europe,2021-03-04,9,3,177873
Africa,2021-03-04,9,3,12578
Asia,2021-03-04,9,3,81101
South America,2021-03-04,9,3,101514
North America,2021-03-04,9,3,83247
Oceania,2021-03-05,9,3,144
Africa,2021-03-05,9,3,8541
Asia,2021-03-05,9,3,81062
Europe,2021-03-05,9,3,177772
North America,2021-03-05,9,3,80206
South America,2021-03-05,9,3,102156
South America,2021-03-06,9,3,96954
North America,2021-03-06,9,3,72495
Europe,2021-03-06,9,3,158291
Asia,2021-03-06,9,3,77458
Africa,2021-03-06,9,3,9964
Oceania,2021-03-06,9,3,6
South America,2021-03-07,9,3,103091
Africa,2021-03-07,9,3,8462
North America,2021-03-07,9,3,51060
Europe,2021-03-07,9,3,132448
Asia,2021-03-07,9,3,77467
Oceania,2021-03-07,9,3,109
Africa,2021-03-08,10,3,9285
South America,2021-03-08,10,3,54248
Oceania,2021-03-08,10,3,111
North America,2021-03-08,10,3,53598
Europe,2021-03-08,10,3,103781
Asia,2021-03-08,10,3,79265
North America,2021-03-09,10,3,71237
South America,2021-03-09,10,3,98878
Oceania,2021-03-09,10,3,85
Africa,2021-03-09,10,3,7805
Europe,2021-03-09,10,3,154320
Asia,2021-03-09,10,3,83156
Asia,2021-03-10,10,3,89783
Africa,2021-03-10,10,3,10421
North America,2021-03-10,10,3,72395
Europe,2021-03-10,10,3,196106
South America,2021-03-10,10,3,100681
Oceania,2021-03-10,10,3,22
Asia,2021-03-11,10,3,91865
Europe,2021-03-11,10,3,187702
Oceania,2021-03-11,10,3,91
Africa,2021-03-11,10,3,15244
South America,2021-03-11,10,3,107161
North America,2021-03-11,10,3,77125
Asia,2021-03-12,10,3,93819
Oceania,2021-03-12,10,3,15
Africa,2021-03-12,10,3,9866
Europe,2021-03-12,10,3,193576
North America,2021-03-12,10,3,77771
South America,2021-03-12,10,3,116743
Europe,2021-03-13,10,3,185988
South America,2021-03-13,10,3,106177
North America,2021-03-13,10,3,65909
Africa,2021-03-13,10,3,10358
Oceania,2021-03-13,10,3,6
Asia,2021-03-13,10,3,88604
Oceania,2021-03-14,10,3,374
Asia,2021-03-14,10,3,90711
Europe,2021-03-14,10,3,150654
South America,2021-03-14,10,3,67136
North America,2021-03-14,10,3,46983
Africa,2021-03-14,10,3,8561
South America,2021-03-15,11,3,59365
North America,2021-03-15,11,3,63130
Europe,2021-03-15,11,3,124154
Asia,2021-03-15,11,3,93780
Oceania,2021-03-15,11,3,105
Africa,2021-03-15,11,3,8444
North America,2021-03-16,11,3,64217
Asia,2021-03-16,11,3,102248
Africa,2021-03-16,11,3,9054
Oceania,2021-03-16,11,3,101
South America,2021-03-16,11,3,111720
Europe,2021-03-16,11,3,180221
Africa,2021-03-17,11,3,10977
Oceania,2021-03-17,11,3,12
Europe,2021-03-17,11,3,219691
South America,2021-03-17,11,3,131576
Asia,2021-03-17,11,3,115468
North America,2021-03-17,11,3,73878
Africa,2021-03-18,11,3,11303
Europe,2021-03-18,11,3,221703
Oceania,2021-03-18,11,3,156
South America,2021-03-18,11,3,115463
Asia,2021-03-18,11,3,120262
North America,2021-03-18,11,3,75016
Asia,2021-03-19,11,3,121653
Europe,2021-03-19,11,3,217945
South America,2021-03-19,11,3,134153
North America,2021-03-19,11,3,77786
Africa,2021-03-19,11,3,12643
Oceania,2021-03-19,11,3,188
North America,2021-03-20,11,3,70255
Asia,2021-03-20,11,3,119602
Africa,2021-03-20,11,3,9230
Oceania,2021-03-20,11,3,440
South America,2021-03-20,11,3,106408
Europe,2021-03-20,11,3,195573
Asia,2021-03-21,11,3,125355
Africa,2021-03-21,11,3,9144
Oceania,2021-03-21,11,3,19
Europe,2021-03-21,11,3,173576
South America,2021-03-21,11,3,85356
North America,2021-03-21,11,3,43464
Europe,2021-03-22,12,3,153500
South America,2021-03-22,12,3,73197
North America,2021-03-22,12,3,58958
Oceania,2021-03-22,12,3,279
Africa,2021-03-22,12,3,9713
Asia,2021-03-22,12,3,120667
Asia,2021-03-23,12,3,134267
South America,2021-03-23,12,3,122724
North America,2021-03-23,12,3,68311
Africa,2021-03-23,12,3,8614
Oceania,2021-03-23,12,3,417
Europe,2021-03-23,12,3,181532
North America,2021-03-24,12,3,101168
Africa,2021-03-24,12,3,10846
Europe,2021-03-24,12,3,257776
South America,2021-03-24,12,3,118704
Asia,2021-03-24,12,3,146607
Oceania,2021-03-24,12,3,366
Africa,2021-03-25,12,3,12529
North America,2021-03-25,12,3,82964
South America,2021-03-25,12,3,148476
Europe,2021-03-25,12,3,254407
Asia,2021-03-25,12,3,155003
Oceania,2021-03-25,12,3,12
South America,2021-03-26,12,3,133387
North America,2021-03-26,12,3,93633
Africa,2021-03-26,12,3,18450
Europe,2021-03-26,12,3,240458
Asia,2021-03-26,12,3,156433
Oceania,2021-03-26,12,3,566
Europe,2021-03-27,12,3,220179
Oceania,2021-03-27,12,3,8
North America,2021-03-27,12,3,75235
South America,2021-03-27,12,3,128218
Asia,2021-03-27,12,3,152594
Africa,2021-03-27,12,3,9589
Europe,2021-03-28,12,3,165414
North America,2021-03-28,12,3,55198
Africa,2021-03-28,12,3,8971
South America,2021-03-28,12,3,82297
Asia,2021-03-28,12,3,162999
Oceania,2021-03-28,12,3,552
Europe,2021-03-29,13,3,140501
North America,2021-03-29,13,3,77262
Asia,2021-03-29,13,3,152878
Africa,2021-03-29,13,3,9707
Oceania,2021-03-29,13,3,187
South America,2021-03-29,13,3,77088
Asia,2021-03-30,13,3,161168
South America,2021-03-30,13,3,117245
North America,2021-03-30,13,3,75239
Europe,2021-03-30,13,3,206263
Oceania,2021-03-30,13,3,281
Africa,2021-03-30,13,3,9792
North America,2021-03-31,13,3,85081
Europe,2021-03-31,13,3,257188
Asia,2021-03-31,13,3,183329
Oceania,2021-03-31,13,3,394
Africa,2021-03-31,13,3,12731
South America,2021-03-31,13,3,145976
Oceania,2021-04-01,13,4,132
Africa,2021-04-01,13,4,22219
Europe,2021-04-01,13,4,252779
South America,2021-04-01,13,4,145939
North America,2021-04-01,13,4,94448
Asia,2021-04-01,13,4,198141
Asia,2021-04-02,13,4,210462
Oceania,2021-04-02,13,4,371
Europe,2021-04-02,13,4,217687
North America,2021-04-02,13,4,81549
Africa,2021-04-02,13,4,13095
South America,2021-04-02,13,4,113379
South America,2021-04-03,13,4,83881
Oceania,2021-04-03,13,4,151
North America,2021-04-03,13,4,76089
Europe,2021-04-03,13,4,154036
Asia,2021-04-03,13,4,208738
Africa,2021-04-03,13,4,8779
Oceania,2021-04-04,13,4,434
South America,2021-04-04,13,4,76525
Europe,2021-04-04,13,4,201164
North America,2021-04-04,13,4,43873
Africa,2021-04-04,13,4,9546
Asia,2021-04-04,13,4,224553
Oceania,2021-04-05,14,4,393
Africa,2021-04-05,14,4,9224
South America,2021-04-05,14,4,72844
Asia,2021-04-05,14,4,209599
North America,2021-04-05,14,4,85621
Europe,2021-04-05,14,4,108077
South America,2021-04-06,14,4,134012
Oceania,2021-04-06,14,4,21
North America,2021-04-06,14,4,84626
Europe,2021-04-06,14,4,131596
Asia,2021-04-06,14,4,245611
Africa,2021-04-06,14,4,9612
Africa,2021-04-07,14,4,11687
North America,2021-04-07,14,4,91886
Oceania,2021-04-07,14,4,258
Asia,2021-04-07,14,4,268496
South America,2021-04-07,14,4,150165
Europe,2021-04-07,14,4,163619
South America,2021-04-08,14,4,161096
Europe,2021-04-08,14,4,283634
North America,2021-04-08,14,4,98838
Oceania,2021-04-08,14,4,216
Africa,2021-04-08,14,4,16783
Asia,2021-04-08,14,4,280480
Europe,2021-04-09,14,4,176332
Oceania,2021-04-09,14,4,17
Asia,2021-04-09,14,4,293176
Africa,2021-04-09,14,4,12569
South America,2021-04-09,14,4,162919
North America,2021-04-09,14,4,105747
Asia,2021-04-10,14,4,288878
Europe,2021-04-10,14,4,146830
North America,2021-04-10,14,4,87688
Oceania,2021-04-10,14,4,515
South America,2021-04-10,14,4,134690
Africa,2021-04-10,14,4,9721
Oceania,2021-04-11,14,4,123
North America,2021-04-11,14,4,59715
Asia,2021-04-11,14,4,305951
South America,2021-04-11,14,4,94170
Europe,2021-04-11,14,4,222630
Africa,2021-04-11,14,4,9744
North America,2021-04-12,15,4,81485
Europe,2021-04-12,15,4,127844
Africa,2021-04-12,15,4,10213
Asia,2021-04-12,15,4,303137
South America,2021-04-12,15,4,91010
Oceania,2021-04-12,15,4,174
Africa,2021-04-13,15,4,9756
Oceania,2021-04-13,15,4,242
South America,2021-04-13,15,4,145510
Asia,2021-04-13,15,4,332797
Europe,2021-04-13,15,4,193999
North America,2021-04-13,15,4,99227
Europe,2021-04-14,15,4,213106
South America,2021-04-14,15,4,138754
Asia,2021-04-14,15,4,355678
Oceania,2021-04-14,15,4,184
Africa,2021-04-14,15,4,13925
North America,2021-04-14,15,4,94828
South America,2021-04-15,15,4,136479
Africa,2021-04-15,15,4,12645
Asia,2021-04-15,15,4,371662
Oceania,2021-04-15,15,4,219
North America,2021-04-15,15,4,94535
Europe,2021-04-15,15,4,201574
Oceania,2021-04-16,15,4,171
Africa,2021-04-16,15,4,12054
Asia,2021-04-16,15,4,388715
South America,2021-04-16,15,4,161412
Europe,2021-04-16,15,4,195408
North America,2021-04-16,15,4,100416
Oceania,2021-04-17,15,4,28
North America,2021-04-17,15,4,70000
Africa,2021-04-17,15,4,13360
Asia,2021-04-17,15,4,409773
Europe,2021-04-17,15,4,158795
South America,2021-04-17,15,4,136054
Asia,2021-04-18,15,4,414746
Africa,2021-04-18,15,4,9346
North America,2021-04-18,15,4,55699
South America,2021-04-18,15,4,93152
Oceania,2021-04-18,15,4,410
Europe,2021-04-18,15,4,113658
Africa,2021-04-19,16,4,8749
Europe,2021-04-19,16,4,111042
Asia,2021-04-19,16,4,400402
Oceania,2021-04-19,16,4,238
South America,2021-04-19,16,4,89380
North America,2021-04-19,16,4,83250
North America,2021-04-20,16,4,78448
Asia,2021-04-20,16,4,447957
Oceania,2021-04-20,16,4,27
Europe,2021-04-20,16,4,177941
Africa,2021-04-20,16,4,10122
South America,2021-04-20,16,4,139760
North America,2021-04-21,16,4,82221
South America,2021-04-21,16,4,138359
Oceania,2021-04-21,16,4,21
Asia,2021-04-21,16,4,471496
Europe,2021-04-21,16,4,187621
Africa,2021-04-21,16,4,11868
South America,2021-04-22,16,4,125475
Europe,2021-04-22,16,4,190430
Africa,2021-04-22,16,4,12471
Oceania,2021-04-22,16,4,438
Asia,2021-04-22,16,4,482711
North America,2021-04-22,16,4,88203
North America,2021-04-23,16,4,81492
Oceania,2021-04-23,16,4,15
Asia,2021-04-23,16,4,487329
Africa,2021-04-23,16,4,12062
Europe,2021-04-23,16,4,172399
South America,2021-04-23,16,4,150956
North America,2021-04-24,16,4,70727
Africa,2021-04-24,16,4,10153
Asia,2021-04-24,16,4,473414
South America,2021-04-24,16,4,133541
Europe,2021-04-24,16,4,134418
Oceania,2021-04-24,16,4,276
North America,2021-04-25,16,4,46848
Asia,2021-04-25,16,4,473050
South America,2021-04-25,16,4,85478
Oceania,2021-04-25,16,4,89
Europe,2021-04-25,16,4,110203
Africa,2021-04-25,16,4,9459
Africa,2021-04-26,17,4,6861
North America,2021-04-26,17,4,60599
Asia,2021-04-26,17,4,441023
Europe,2021-04-26,17,4,91669
Oceania,2021-04-26,17,4,222
South America,2021-04-26,17,4,81311
Oceania,2021-04-27,17,4,39
Europe,2021-04-27,17,4,150427
North America,2021-04-27,17,4,67110
Africa,2021-04-27,17,4,9799
Asia,2021-04-27,17,4,490002
South America,2021-04-27,17,4,127984
Europe,2021-04-28,17,4,162193
Oceania,2021-04-28,17,4,109
Africa,2021-04-28,17,4,9499
Asia,2021-04-28,17,4,508664
North America,2021-04-28,17,4,74354
South America,2021-04-28,17,4,153470
North America,2021-04-29,17,4,81934
Oceania,2021-04-29,17,4,112
South America,2021-04-29,17,4,129537
Europe,2021-04-29,17,4,156659
Africa,2021-04-29,17,4,15599
Asia,2021-04-29,17,4,513221
Asia,2021-04-30,17,4,518375
Europe,2021-04-30,17,4,133134
Oceania,2021-04-30,17,4,14
South America,2021-04-30,17,4,141434
Africa,2021-04-30,17,4,9441
North America,2021-04-30,17,4,78112
Asia,2021-05-01,17,5,497270
Africa,2021-05-01,17,5,7977
Oceania,2021-05-01,17,5,142
Europe,2021-05-01,17,5,115394
North America,2021-05-01,17,5,59636
South America,2021-05-01,17,5,118314
South America,2021-05-02,17,5,82147
Europe,2021-05-02,17,5,70330
Africa,2021-05-02,17,5,6189
North America,2021-05-02,17,5,39480
Asia,2021-05-02,17,5,477368
Oceania,2021-05-02,17,5,105
Oceania,2021-05-03,18,5,71
Africa,2021-05-03,18,5,6908
Asia,2021-05-03,18,5,459530
North America,2021-05-03,18,5,70253
South America,2021-05-03,18,5,67868
Europe,2021-05-03,18,5,74876
Asia,2021-05-04,18,5,486933
Europe,2021-05-04,18,5,122089
Africa,2021-05-04,18,5,7274
South America,2021-05-04,18,5,135243
North America,2021-05-04,18,5,56656
Oceania,2021-05-04,18,5,32
North America,2021-05-05,18,5,64079
Africa,2021-05-05,18,5,9629
Europe,2021-05-05,18,5,125405
Asia,2021-05-05,18,5,518004
South America,2021-05-05,18,5,125704
Oceania,2021-05-05,18,5,27
Africa,2021-05-06,18,5,13277
Asia,2021-05-06,18,5,525116
South America,2021-05-06,18,5,139795
North America,2021-05-06,18,5,64933
Europe,2021-05-06,18,5,126975
Oceania,2021-05-06,18,5,371
Asia,2021-05-07,18,5,505100
Africa,2021-05-07,18,5,9380
Europe,2021-05-07,18,5,118842
North America,2021-05-07,18,5,66342
Oceania,2021-05-07,18,5,13
South America,2021-05-07,18,5,133801
Asia,2021-05-08,18,5,498737
Oceania,2021-05-08,18,5,31
Africa,2021-05-08,18,5,6401
South America,2021-05-08,18,5,136863
Europe,2021-05-08,18,5,97034
North America,2021-05-08,18,5,48164
Asia,2021-05-09,18,5,456014
Oceania,2021-05-09,18,5,14
Europe,2021-05-09,18,5,60196
Africa,2021-05-09,18,5,9731
South America,2021-05-09,18,5,84755
North America,2021-05-09,18,5,31823
Asia,2021-05-10,19,5,419194
Africa,2021-05-10,19,5,6957
South America,2021-05-10,19,5,68845
North America,2021-05-10,19,5,54130
Europe,2021-05-10,19,5,69480
Oceania,2021-05-10,19,5,464
Oceania,2021-05-11,19,5,426
Africa,2021-05-11,19,5,7257
South America,2021-05-11,19,5,130558
North America,2021-05-11,19,5,49387
Asia,2021-05-11,19,5,443277
Europe,2021-05-11,19,5,108540
North America,2021-05-12,19,5,55272
Africa,2021-05-12,19,5,9040
Europe,2021-05-12,19,5,98576
Asia,2021-05-12,19,5,452322
South America,2021-05-12,19,5,144901
Oceania,2021-05-12,19,5,523
Oceania,2021-05-13,19,5,252
South America,2021-05-13,19,5,137465
Asia,2021-05-13,19,5,430806
Europe,2021-05-13,19,5,93351
Africa,2021-05-13,19,5,8646
North America,2021-05-13,19,5,55321
Oceania,2021-05-14,19,5,473
South America,2021-05-14,19,5,160304
Asia,2021-05-14,19,5,399304
Europe,2021-05-14,19,5,89484
Africa,2021-05-14,19,5,8171
North America,2021-05-14,19,5,60313
Africa,2021-05-15,19,5,6994
Oceania,2021-05-15,19,5,12
North America,2021-05-15,19,5,43589
South America,2021-05-15,19,5,124396
Asia,2021-05-15,19,5,382862
Europe,2021-05-15,19,5,71467
North America,2021-05-16,19,5,26957
Africa,2021-05-16,19,5,7155
Europe,2021-05-16,19,5,60902
South America,2021-05-16,19,5,98636
Oceania,2021-05-16,19,5,14
Asia,2021-05-16,19,5,355893
Asia,2021-05-17,20,5,346857
Europe,2021-05-17,20,5,53944
South America,2021-05-17,20,5,86124
North America,2021-05-17,20,5,44618
Oceania,2021-05-17,20,5,9
Africa,2021-05-17,20,5,7334
North America,2021-05-18,20,5,42183
Asia,2021-05-18,20,5,352460
Oceania,2021-05-18,20,5,518
South America,2021-05-18,20,5,140027
Africa,2021-05-18,20,5,10677
Europe,2021-05-18,20,5,77182
South America,2021-05-19,20,5,162198
Oceania,2021-05-19,20,5,437
Asia,2021-05-19,20,5,364176
Europe,2021-05-19,20,5,90366
North America,2021-05-19,20,5,45095
Africa,2021-05-19,20,5,10150
North America,2021-05-20,20,5,46675
Oceania,2021-05-20,20,5,290
Africa,2021-05-20,20,5,11508
South America,2021-05-20,20,5,155760
Europe,2021-05-20,20,5,67747
Asia,2021-05-20,20,5,346664
South America,2021-05-21,20,5,154846
Africa,2021-05-21,20,5,10170
Oceania,2021-05-21,20,5,11
North America,2021-05-21,20,5,44187
Asia,2021-05-21,20,5,344442
Europe,2021-05-21,20,5,72975
South America,2021-05-22,20,5,157777
North America,2021-05-22,20,5,31397
Oceania,2021-05-22,20,5,39
Asia,2021-05-22,20,5,320659
Africa,2021-05-22,20,5,9989
Europe,2021-05-22,20,5,59543
Africa,2021-05-23,20,5,8139
Asia,2021-05-23,20,5,295910
South America,2021-05-23,20,5,105021
North America,2021-05-23,20,5,21827
Oceania,2021-05-23,20,5,18
Europe,2021-05-23,20,5,46362
Europe,2021-05-24,21,5,41404
Oceania,2021-05-24,21,5,296
South America,2021-05-24,21,5,89991
Asia,2021-05-24,21,5,276629
Africa,2021-05-24,21,5,8501
North America,2021-05-24,21,5,35669
Oceania,2021-05-25,21,5,73
Europe,2021-05-25,21,5,51029
Asia,2021-05-25,21,5,292367
Africa,2021-05-25,21,5,5838
South America,2021-05-25,21,5,145835
North America,2021-05-25,21,5,37713
Oceania,2021-05-26,21,5,191
Africa,2021-05-26,21,5,14185
Asia,2021-05-26,21,5,291516
Europe,2021-05-26,21,5,61614
North America,2021-05-26,21,5,38638
South America,2021-05-26,21,5,163536
Asia,2021-05-27,21,5,272926
North America,2021-05-27,21,5,43218
Africa,2021-05-27,21,5,11690
Oceania,2021-05-27,21,5,86
South America,2021-05-27,21,5,159553
Europe,2021-05-27,21,5,66856
South America,2021-05-28,21,5,131168
Asia,2021-05-28,21,5,257557
Oceania,2021-05-28,21,5,412
North America,2021-05-28,21,5,36972
Africa,2021-05-28,21,5,12446
Europe,2021-05-28,21,5,62045
North America,2021-05-29,21,5,22547
Asia,2021-05-29,21,5,240306
Africa,2021-05-29,21,5,11874
South America,2021-05-29,21,5,157449
Oceania,2021-05-29,21,5,15
Europe,2021-05-29,21,5,50134
Europe,2021-05-30,21,5,40806
Oceania,2021-05-30,21,5,127
South America,2021-05-30,21,5,102939
Africa,2021-05-30,21,5,5968
North America,2021-05-30,21,5,14307
Asia,2021-05-30,21,5,227705
Asia,2021-05-31,22,5,201445
North America,2021-05-31,22,5,19540
Europe,2021-05-31,22,5,37715
Oceania,2021-05-31,22,5,112
South America,2021-05-31,22,5,106848
Africa,2021-05-31,22,5,13176
Europe,2021-06-01,22,6,48296
North America,2021-06-01,22,6,38606
Africa,2021-06-01,22,6,10139
Asia,2021-06-01,22,6,207505
South America,2021-06-01,22,6,158451
Oceania,2021-06-01,22,6,38
Europe,2021-06-02,22,6,44377
Asia,2021-06-02,22,6,210818
Africa,2021-06-02,22,6,13812
Oceania,2021-06-02,22,6,59
North America,2021-06-02,22,6,31139
South America,2021-06-02,22,6,186027
Asia,2021-06-03,22,6,211903
Europe,2021-06-03,22,6,65434
South America,2021-06-03,22,6,163589
Oceania,2021-06-03,22,6,308
North America,2021-06-03,22,6,33377
Africa,2021-06-03,22,6,14821
Oceania,2021-06-04,22,6,51
Africa,2021-06-04,22,6,14937
Europe,2021-06-04,22,6,48448
North America,2021-06-04,22,6,30248
Asia,2021-06-04,22,6,195050
South America,2021-06-04,22,6,131002
North America,2021-06-05,22,6,23760
Europe,2021-06-05,22,6,38585
Oceania,2021-06-05,22,6,122
South America,2021-06-05,22,6,143681
Africa,2021-06-05,22,6,12708
Asia,2021-06-05,22,6,180416
Africa,2021-06-06,22,6,12766
South America,2021-06-06,22,6,97841
Oceania,2021-06-06,22,6,170
Asia,2021-06-06,22,6,166201
Europe,2021-06-06,22,6,32951
North America,2021-06-06,22,6,13369
Europe,2021-06-07,23,6,36670
Africa,2021-06-07,23,6,11355
Asia,2021-06-07,23,6,148236
Oceania,2021-06-07,23,6,135
South America,2021-06-07,23,6,98655
North America,2021-06-07,23,6,25541
South America,2021-06-08,23,6,125006
Africa,2021-06-08,23,6,12984
Europe,2021-06-08,23,6,43350
Oceania,2021-06-08,23,6,127
North America,2021-06-08,23,6,26441
Asia,2021-06-08,23,6,159319
South America,2021-06-09,23,6,154949
Oceania,2021-06-09,23,6,233
Africa,2021-06-09,23,6,18555
Asia,2021-06-09,23,6,166848
North America,2021-06-09,23,6,32982
Europe,2021-06-09,23,6,46374
Europe,2021-06-10,23,6,54887
Asia,2021-06-10,23,6,165455
Oceania,2021-06-10,23,6,88
North America,2021-06-10,23,6,28059
South America,2021-06-10,23,6,179479
Africa,2021-06-10,23,6,21743
Europe,2021-06-11,23,6,43126
North America,2021-06-11,23,6,38453
Asia,2021-06-11,23,6,158467
Oceania,2021-06-11,23,6,57
Africa,2021-06-11,23,6,19913
South America,2021-06-11,23,6,160981
North America,2021-06-12,23,6,20602
Oceania,2021-06-12,23,6,104
Europe,2021-06-12,23,6,36974
Africa,2021-06-12,23,6,20861
South America,2021-06-12,23,6,147471
Asia,2021-06-12,23,6,146844
North America,2021-06-13,23,6,12514
South America,2021-06-13,23,6,100544
Asia,2021-06-13,23,6,139578
Europe,2021-06-13,23,6,34017
Oceania,2021-06-13,23,6,140
Africa,2021-06-13,23,6,16883
Oceania,2021-06-14,24,6,99
Asia,2021-06-14,24,6,131037
South America,2021-06-14,24,6,99896
Africa,2021-06-14,24,6,15658
North America,2021-06-14,24,6,22638
Europe,2021-06-14,24,6,38053
Africa,2021-06-15,24,6,19851
Oceania,2021-06-15,24,6,131
North America,2021-06-15,24,6,25336
Europe,2021-06-15,24,6,39800
South America,2021-06-15,24,6,150562
Asia,2021-06-15,24,6,135676
Africa,2021-06-16,24,6,26299
South America,2021-06-16,24,6,165300
North America,2021-06-16,24,6,26088
Asia,2021-06-16,24,6,140063
Europe,2021-06-16,24,6,40717
Oceania,2021-06-16,24,6,247
Europe,2021-06-17,24,6,41691
South America,2021-06-17,24,6,156881
Asia,2021-06-17,24,6,142985
Oceania,2021-06-17,24,6,107
North America,2021-06-17,24,6,23605
Africa,2021-06-17,24,6,27278
Europe,2021-06-18,24,6,44011
Africa,2021-06-18,24,6,24105
South America,2021-06-18,24,6,166734
Asia,2021-06-18,24,6,136953
North America,2021-06-18,24,6,34957
Oceania,2021-06-18,24,6,128
Africa,2021-06-19,24,6,23740
Europe,2021-06-19,24,6,39604
South America,2021-06-19,24,6,143147
Oceania,2021-06-19,24,6,297
North America,2021-06-19,24,6,17463
Asia,2021-06-19,24,6,125249
South America,2021-06-20,24,6,97985
Oceania,2021-06-20,24,6,192
Africa,2021-06-20,24,6,23008
Europe,2021-06-20,24,6,34937
Asia,2021-06-20,24,6,130761
North America,2021-06-20,24,6,15513
South America,2021-06-21,25,6,85271
Africa,2021-06-21,25,6,23799
Europe,2021-06-21,25,6,41226
Asia,2021-06-21,25,6,121314
Oceania,2021-06-21,25,6,217
North America,2021-06-21,25,6,21855
Oceania,2021-06-22,25,6,197
South America,2021-06-22,25,6,149151
North America,2021-06-22,25,6,23880
Asia,2021-06-22,25,6,131185
Africa,2021-06-22,25,6,22756
Europe,2021-06-22,25,6,44659
North America,2021-06-23,25,6,28250
Oceania,2021-06-23,25,6,369
South America,2021-06-23,25,6,186399
Africa,2021-06-23,25,6,32879
Europe,2021-06-23,25,6,50659
Asia,2021-06-23,25,6,139246
Asia,2021-06-24,25,6,142837
North America,2021-06-24,25,6,28879
Oceania,2021-06-24,25,6,321
Africa,2021-06-24,25,6,34062
South America,2021-06-24,25,6,146538
Europe,2021-06-24,25,6,52283
Oceania,2021-06-25,25,6,252
Europe,2021-06-25,25,6,51162
North America,2021-06-25,25,6,41170
Asia,2021-06-25,25,6,135846
South America,2021-06-25,25,6,158434
Africa,2021-06-25,25,6,35083
Oceania,2021-06-26,25,6,327
Africa,2021-06-26,25,6,34581
Asia,2021-06-26,25,6,130893
South America,2021-06-26,25,6,128686
North America,2021-06-26,25,6,22268
Europe,2021-06-26,25,6,49282
Asia,2021-06-27,25,6,136231
Africa,2021-06-27,25,6,27510
North America,2021-06-27,25,6,13302
Oceania,2021-06-27,25,6,300
South America,2021-06-27,25,6,91406
Europe,2021-06-27,25,6,42740
Oceania,2021-06-28,26,6,276
Asia,2021-06-28,26,6,128951
Europe,2021-06-28,26,6,61404
South America,2021-06-28,26,6,86411
North America,2021-06-28,26,6,26346
Africa,2021-06-28,26,6,24956
South America,2021-06-29,26,6,125620
North America,2021-06-29,26,6,23169
Europe,2021-06-29,26,6,60767
Asia,2021-06-29,26,6,141375
Oceania,2021-06-29,26,6,355
Africa,2021-06-29,26,6,28374
Asia,2021-06-30,26,6,149185
North America,2021-06-30,26,6,31944
South America,2021-06-30,26,6,108743
Oceania,2021-06-30,26,6,315
Europe,2021-06-30,26,6,68012
Africa,2021-06-30,26,6,38802
Africa,2021-07-01,26,7,42903
Europe,2021-07-01,26,7,78729
North America,2021-07-01,26,7,31405
South America,2021-07-01,26,7,130064
Asia,2021-07-01,26,7,157413
Oceania,2021-07-01,26,7,472
Africa,2021-07-02,26,7,43174
Oceania,2021-07-02,26,7,454
South America,2021-07-02,26,7,124865
North America,2021-07-02,26,7,47961
Asia,2021-07-02,26,7,147865
Europe,2021-07-02,26,7,76953
Oceania,2021-07-03,26,7,414
North America,2021-07-03,26,7,22154
Europe,2021-07-03,26,7,62706
Asia,2021-07-03,26,7,143076
Africa,2021-07-03,26,7,43405
South America,2021-07-03,26,7,104946
North America,2021-07-04,26,7,13507
Africa,2021-07-04,26,7,31743
Asia,2021-07-04,26,7,144258
Oceania,2021-07-04,26,7,580
South America,2021-07-04,26,7,78030
Europe,2021-07-04,26,7,60401
Oceania,2021-07-05,27,7,379
South America,2021-07-05,27,7,74479
Asia,2021-07-05,27,7,149125
Africa,2021-07-05,27,7,28359
North America,2021-07-05,27,7,21641
Europe,2021-07-05,27,7,95586
Europe,2021-07-06,27,7,84299
Oceania,2021-07-06,27,7,671
Africa,2021-07-06,27,7,36870
South America,2021-07-06,27,7,121858
Asia,2021-07-06,27,7,166314
North America,2021-07-06,27,7,43426
North America,2021-07-07,27,7,42548
Oceania,2021-07-07,27,7,1028
Asia,2021-07-07,27,7,170830
Europe,2021-07-07,27,7,96411
Africa,2021-07-07,27,7,44424
South America,2021-07-07,27,7,108214
Asia,2021-07-08,27,7,183086
Europe,2021-07-08,27,7,99358
South America,2021-07-08,27,7,107790
North America,2021-07-08,27,7,42038
Oceania,2021-07-08,27,7,770
Africa,2021-07-08,27,7,47314
Africa,2021-07-09,27,7,46609
Oceania,2021-07-09,27,7,924
North America,2021-07-09,27,7,71457
Europe,2021-07-09,27,7,110515
South America,2021-07-09,27,7,100930
Asia,2021-07-09,27,7,177087
Africa,2021-07-10,27,7,45466
Europe,2021-07-10,27,7,85119
Oceania,2021-07-10,27,7,593
North America,2021-07-10,27,7,31008
South America,2021-07-10,27,7,94149
Asia,2021-07-10,27,7,170722
Africa,2021-07-11,27,7,35453
Asia,2021-07-11,27,7,171349
North America,2021-07-11,27,7,26625
Oceania,2021-07-11,27,7,655
South America,2021-07-11,27,7,56018
Europe,2021-07-11,27,7,80427
Oceania,2021-07-12,28,7,993
North America,2021-07-12,28,7,46546
Africa,2021-07-12,28,7,34505
South America,2021-07-12,28,7,58497
Asia,2021-07-12,28,7,178207
Europe,2021-07-12,28,7,117944
South America,2021-07-13,28,7,92516
Europe,2021-07-13,28,7,137314
Oceania,2021-07-13,28,7,757
Asia,2021-07-13,28,7,196485
Africa,2021-07-13,28,7,38475
North America,2021-07-13,28,7,54442
Europe,2021-07-14,28,7,125432
South America,2021-07-14,28,7,102062
North America,2021-07-14,28,7,60358
Africa,2021-07-14,28,7,44209
Oceania,2021-07-14,28,7,88
Asia,2021-07-14,28,7,209320
Europe,2021-07-15,28,7,143943
Africa,2021-07-15,28,7,48610
Asia,2021-07-15,28,7,220922
Oceania,2021-07-15,28,7,1976
North America,2021-07-15,28,7,57209
South America,2021-07-15,28,7,99456
Africa,2021-07-16,28,7,41398
Oceania,2021-07-16,28,7,1550
South America,2021-07-16,28,7,88798
North America,2021-07-16,28,7,104819
Europe,2021-07-16,28,7,151402
Asia,2021-07-16,28,7,210321
South America,2021-07-17,28,7,76814
Africa,2021-07-17,28,7,38877
Europe,2021-07-17,28,7,120122
North America,2021-07-17,28,7,35194
Oceania,2021-07-17,28,7,1319
Asia,2021-07-17,28,7,201663
Oceania,2021-07-18,28,7,1163
Africa,2021-07-18,28,7,36184
Asia,2021-07-18,28,7,184779
North America,2021-07-18,28,7,33054
Europe,2021-07-18,28,7,110298
South America,2021-07-18,28,7,65541
North America,2021-07-19,29,7,72019
Oceania,2021-07-19,29,7,1020
Asia,2021-07-19,29,7,186040
Europe,2021-07-19,29,7,157873
Africa,2021-07-19,29,7,30235
South America,2021-07-19,29,7,49300
Oceania,2021-07-20,29,7,1254
North America,2021-07-20,29,7,68631
Africa,2021-07-20,29,7,33568
Europe,2021-07-20,29,7,145385
Asia,2021-07-20,29,7,220199
South America,2021-07-20,29,7,60910
South America,2021-07-21,29,7,89198
North America,2021-07-21,29,7,82237
Oceania,2021-07-21,29,7,1267
Africa,2021-07-21,29,7,33399
Asia,2021-07-21,29,7,203170
Europe,2021-07-21,29,7,149545
South America,2021-07-22,29,7,83755
Asia,2021-07-22,29,7,204223
Africa,2021-07-22,29,7,38632
Europe,2021-07-22,29,7,148825
Oceania,2021-07-22,29,7,1151
North America,2021-07-22,29,7,87783
North America,2021-07-23,29,7,136051
Asia,2021-07-23,29,7,276819
Oceania,2021-07-23,29,7,639
Africa,2021-07-23,29,7,31566
Europe,2021-07-23,29,7,140173
South America,2021-07-23,29,7,143858
South America,2021-07-24,29,7,66938
Europe,2021-07-24,29,7,108549
North America,2021-07-24,29,7,70582
Asia,2021-07-24,29,7,150582
Oceania,2021-07-24,29,7,912
Africa,2021-07-24,29,7,35371
Asia,2021-07-25,29,7,236555
South America,2021-07-25,29,7,41748
North America,2021-07-25,29,7,44312
Oceania,2021-07-25,29,7,791
Europe,2021-07-25,29,7,88991
Africa,2021-07-25,29,7,32896
Europe,2021-07-26,30,7,139706
Africa,2021-07-26,30,7,34143
Asia,2021-07-26,30,7,213790
Oceania,2021-07-26,30,7,1469
North America,2021-07-26,30,7,107512
South America,2021-07-26,30,7,43706
North America,2021-07-27,30,7,105023
Europe,2021-07-27,30,7,128342
Asia,2021-07-27,30,7,269207
Africa,2021-07-27,30,7,31383
Oceania,2021-07-27,30,7,941
South America,2021-07-27,30,7,75345
Europe,2021-07-28,30,7,134735
Asia,2021-07-28,30,7,273787
Africa,2021-07-28,30,7,48683
Oceania,2021-07-28,30,7,1328
South America,2021-07-28,30,7,78440
North America,2021-07-28,30,7,107315
Oceania,2021-07-29,30,7,1490
Asia,2021-07-29,30,7,272381
Africa,2021-07-29,30,7,47736
South America,2021-07-29,30,7,75958
Europe,2021-07-29,30,7,138579
North America,2021-07-29,30,7,116714
Asia,2021-07-30,30,7,257549
Africa,2021-07-30,30,7,43023
Europe,2021-07-30,30,7,133468
Oceania,2021-07-30,30,7,1384
North America,2021-07-30,30,7,227140
South America,2021-07-30,30,7,67712
Oceania,2021-07-31,30,7,1421
Africa,2021-07-31,30,7,35914
South America,2021-07-31,30,7,64908
Asia,2021-07-31,30,7,242669
North America,2021-07-31,30,7,65999
Europe,2021-07-31,30,7,99209
Africa,2021-08-01,30,8,34210
South America,2021-08-01,30,8,40598
North America,2021-08-01,30,8,62599
Europe,2021-08-01,30,8,87246
Asia,2021-08-01,30,8,255765
Oceania,2021-08-01,30,8,865
Africa,2021-08-02,31,8,34467
Asia,2021-08-02,31,8,229020
North America,2021-08-02,31,8,142144
Europe,2021-08-02,31,8,133876
Oceania,2021-08-02,31,8,1381
South America,2021-08-02,31,8,37168
Asia,2021-08-03,31,8,282732
Oceania,2021-08-03,31,8,1475
North America,2021-08-03,31,8,143497
Europe,2021-08-03,31,8,117680
South America,2021-08-03,31,8,59324
Africa,2021-08-03,31,8,32704
North America,2021-08-04,31,8,138562
Europe,2021-08-04,31,8,137405
Africa,2021-08-04,31,8,45181
Asia,2021-08-04,31,8,284451
Oceania,2021-08-04,31,8,1490
South America,2021-08-04,31,8,68296
Africa,2021-08-05,31,8,47809
Oceania,2021-08-05,31,8,1275
Europe,2021-08-05,31,8,136024
South America,2021-08-05,31,8,67116
Asia,2021-08-05,31,8,284946
North America,2021-08-05,31,8,151741
Europe,2021-08-06,31,8,136081
North America,2021-08-06,31,8,295965
South America,2021-08-06,31,8,67853
Oceania,2021-08-06,31,8,1105
Africa,2021-08-06,31,8,41995
Asia,2021-08-06,31,8,278758
South America,2021-08-07,31,8,63559
North America,2021-08-07,31,8,85539
Oceania,2021-08-07,31,8,965
Africa,2021-08-07,31,8,36319
Europe,2021-08-07,31,8,105026
Asia,2021-08-07,31,8,259499
North America,2021-08-08,31,8,48677
Oceania,2021-08-08,31,8,963
South America,2021-08-08,31,8,28071
Asia,2021-08-08,31,8,234941
Europe,2021-08-08,31,8,95297
Africa,2021-08-08,31,8,33643
Europe,2021-08-09,32,8,123313
North America,2021-08-09,32,8,203369
Africa,2021-08-09,32,8,33595
South America,2021-08-09,32,8,29959
Oceania,2021-08-09,32,8,995
Asia,2021-08-09,32,8,262575
North America,2021-08-10,32,8,161577
South America,2021-08-10,32,8,54949
Oceania,2021-08-10,32,8,633
Europe,2021-08-10,32,8,125969
Africa,2021-08-10,32,8,34503
Asia,2021-08-10,32,8,270946
Europe,2021-08-11,32,8,143018
Asia,2021-08-11,32,8,292939
North America,2021-08-11,32,8,203299
Africa,2021-08-11,32,8,34605
South America,2021-08-11,32,8,53711
Oceania,2021-08-11,32,8,955
Asia,2021-08-12,32,8,267796
North America,2021-08-12,32,8,186296
Oceania,2021-08-12,32,8,841
Africa,2021-08-12,32,8,46340
South America,2021-08-12,32,8,64693
Europe,2021-08-12,32,8,144801
Asia,2021-08-13,32,8,295046
North America,2021-08-13,32,8,275464
Africa,2021-08-13,32,8,40479
Oceania,2021-08-13,32,8,1137
Europe,2021-08-13,32,8,142202
South America,2021-08-13,32,8,51383
Europe,2021-08-14,32,8,111480
Oceania,2021-08-14,32,8,758
South America,2021-08-14,32,8,44978
Asia,2021-08-14,32,8,253730
North America,2021-08-14,32,8,89117
Africa,2021-08-14,32,8,33881
Asia,2021-08-15,32,8,256913
North America,2021-08-15,32,8,54871
Africa,2021-08-15,32,8,28908
Europe,2021-08-15,32,8,98049
South America,2021-08-15,32,8,24745
Oceania,2021-08-15,32,8,525
Europe,2021-08-16,33,8,123805
Africa,2021-08-16,33,8,29390
North America,2021-08-16,33,8,260057
Oceania,2021-08-16,33,8,1305
Asia,2021-08-16,33,8,240873
South America,2021-08-16,33,8,23173
Asia,2021-08-17,33,8,276015
Oceania,2021-08-17,33,8,1277
Europe,2021-08-17,33,8,131546
Africa,2021-08-17,33,8,32277
North America,2021-08-17,33,8,188646
South America,2021-08-17,33,8,53308
North America,2021-08-18,33,8,211161
Asia,2021-08-18,33,8,263355
Oceania,2021-08-18,33,8,1420
Europe,2021-08-18,33,8,149497
South America,2021-08-18,33,8,58856
Africa,2021-08-18,33,8,43954
Oceania,2021-08-19,33,8,1520
Europe,2021-08-19,33,8,146540
South America,2021-08-19,33,8,55910
North America,2021-08-19,33,8,203877
Asia,2021-08-19,33,8,268481
Africa,2021-08-19,33,8,39337
Asia,2021-08-20,33,8,264420
North America,2021-08-20,33,8,293196
Africa,2021-08-20,33,8,37147
South America,2021-08-20,33,8,49009
Oceania,2021-08-20,33,8,1400
Europe,2021-08-20,33,8,144966
Europe,2021-08-21,33,8,117822
South America,2021-08-21,33,8,42823
Asia,2021-08-21,33,8,243406
North America,2021-08-21,33,8,104167
Africa,2021-08-21,33,8,30859
Oceania,2021-08-21,33,8,1129
South America,2021-08-22,33,8,22278
North America,2021-08-22,33,8,57553
Europe,2021-08-22,33,8,103415
Oceania,2021-08-22,33,8,1236
Africa,2021-08-22,33,8,27422
Asia,2021-08-22,33,8,234600
Europe,2021-08-23,34,8,126178
North America,2021-08-23,34,8,270027
South America,2021-08-23,34,8,28766
Oceania,2021-08-23,34,8,1473
Africa,2021-08-23,34,8,49021
Asia,2021-08-23,34,8,228909
Oceania,2021-08-24,34,8,1337
Africa,2021-08-24,34,8,29802
Europe,2021-08-24,34,8,146742
Asia,2021-08-24,34,8,264147
North America,2021-08-24,34,8,198921
South America,2021-08-24,34,8,45973
Europe,2021-08-25,34,8,150803
Africa,2021-08-25,34,8,36083
Oceania,2021-08-25,34,8,1438
Asia,2021-08-25,34,8,282756
South America,2021-08-25,34,8,44768
North America,2021-08-25,34,8,214470
Europe,2021-08-26,34,8,143662
Oceania,2021-08-26,34,8,1469
Asia,2021-08-26,34,8,278094
North America,2021-08-26,34,8,229460
Africa,2021-08-26,34,8,38576
South America,2021-08-26,34,8,44416
North America,2021-08-27,34,8,284398
South America,2021-08-27,34,8,37517
Africa,2021-08-27,34,8,34014
Asia,2021-08-27,34,8,271875
Oceania,2021-08-27,34,8,1407
Europe,2021-08-27,34,8,116508
North America,2021-08-28,34,8,95349
Asia,2021-08-28,34,8,253968
Africa,2021-08-28,34,8,28079
Europe,2021-08-28,34,8,132503
South America,2021-08-28,34,8,35817
Oceania,2021-08-28,34,8,1663
Oceania,2021-08-29,34,8,1806
Europe,2021-08-29,34,8,102201
South America,2021-08-29,34,8,19755
Africa,2021-08-29,34,8,21065
Asia,2021-08-29,34,8,241563
North America,2021-08-29,34,8,60173
Europe,2021-08-30,35,8,113309
South America,2021-08-30,35,8,22671
North America,2021-08-30,35,8,289189
Oceania,2021-08-30,35,8,1441
Africa,2021-08-30,35,8,22981
Asia,2021-08-30,35,8,236952
Asia,2021-08-31,35,8,236829
South America,2021-08-31,35,8,34599
Europe,2021-08-31,35,8,121857
North America,2021-08-31,35,8,201390
Oceania,2021-08-31,35,8,1780
Africa,2021-08-31,35,8,22708
South America,2021-09-01,35,9,37641
Africa,2021-09-01,35,9,30793
North America,2021-09-01,35,9,243944
Europe,2021-09-01,35,9,156951
Oceania,2021-09-01,35,9,1921
Asia,2021-09-01,35,9,256088
Africa,2021-09-02,35,9,27946
Asia,2021-09-02,35,9,252469
Oceania,2021-09-02,35,9,1982
South America,2021-09-02,35,9,39850
Europe,2021-09-02,35,9,139676
North America,2021-09-02,35,9,215081
Africa,2021-09-03,35,9,26335
North America,2021-09-03,35,9,274276
Oceania,2021-09-03,35,9,2013
Europe,2021-09-03,35,9,130690
Asia,2021-09-03,35,9,250989
South America,2021-09-03,35,9,33803
Europe,2021-09-04,35,9,114579
North America,2021-09-04,35,9,100572
Oceania,2021-09-04,35,9,1890
South America,2021-09-04,35,9,30371
Africa,2021-09-04,35,9,21007
Asia,2021-09-04,35,9,216289
Asia,2021-09-05,35,9,230212
Oceania,2021-09-05,35,9,1716
Europe,2021-09-05,35,9,103993
South America,2021-09-05,35,9,20733
North America,2021-09-05,35,9,65515
Africa,2021-09-05,35,9,17902
Africa,2021-09-06,36,9,17108
North America,2021-09-06,36,9,101991
Oceania,2021-09-06,36,9,1615
Asia,2021-09-06,36,9,194910
South America,2021-09-06,36,9,16443
Europe,2021-09-06,36,9,108438
South America,2021-09-07,36,9,24494
North America,2021-09-07,36,9,310712
Oceania,2021-09-07,36,9,1958
Europe,2021-09-07,36,9,151346
Africa,2021-09-07,36,9,19581
Asia,2021-09-07,36,9,217432
Oceania,2021-09-08,36,9,1983
Asia,2021-09-08,36,9,235505
North America,2021-09-08,36,9,222477
Europe,2021-09-08,36,9,126223
South America,2021-09-08,36,9,22049
Africa,2021-09-08,36,9,23455
Africa,2021-09-09,36,9,21919
Asia,2021-09-09,36,9,221648
South America,2021-09-09,36,9,41952
Europe,2021-09-09,36,9,152612
North America,2021-09-09,36,9,197099
Oceania,2021-09-09,36,9,2395
Africa,2021-09-10,36,9,19543
South America,2021-09-10,36,9,24525
Europe,2021-09-10,36,9,124107
North America,2021-09-10,36,9,252933
Asia,2021-09-10,36,9,210639
Oceania,2021-09-10,36,9,2242
Oceania,2021-09-11,36,9,1824
Africa,2021-09-11,36,9,15641
North America,2021-09-11,36,9,111449
Asia,2021-09-11,36,9,199235
South America,2021-09-11,36,9,22182
Europe,2021-09-11,36,9,106238
North America,2021-09-12,36,9,58132
Europe,2021-09-12,36,9,93033
Oceania,2021-09-12,36,9,1884
Africa,2021-09-12,36,9,13101
Asia,2021-09-12,36,9,186421
South America,2021-09-12,36,9,15683
Oceania,2021-09-13,37,9,1753
North America,2021-09-13,37,9,280991
Africa,2021-09-13,37,9,12549
Europe,2021-09-13,37,9,108559
Asia,2021-09-13,37,9,184752
South America,2021-09-13,37,9,12682
Africa,2021-09-14,37,9,25179
Oceania,2021-09-14,37,9,1919
North America,2021-09-14,37,9,185040
Europe,2021-09-14,37,9,124149
South America,2021-09-14,37,9,21879
Asia,2021-09-14,37,9,193201
Africa,2021-09-15,37,9,17315
Europe,2021-09-15,37,9,120511
North America,2021-09-15,37,9,206567
Asia,2021-09-15,37,9,198641
Oceania,2021-09-15,37,9,2023
South America,2021-09-15,37,9,22904
Europe,2021-09-16,37,9,134767
Asia,2021-09-16,37,9,194537
South America,2021-09-16,37,9,42519
Oceania,2021-09-16,37,9,2012
Africa,2021-09-16,37,9,21379
North America,2021-09-16,37,9,181342
Europe,2021-09-17,37,9,129268
North America,2021-09-17,37,9,237266
Oceania,2021-09-17,37,9,2012
Asia,2021-09-17,37,9,189056
South America,2021-09-17,37,9,19913
Africa,2021-09-17,37,9,16028
Africa,2021-09-18,37,9,11331
Asia,2021-09-18,37,9,178902
Oceania,2021-09-18,37,9,1755
Europe,2021-09-18,37,9,111436
South America,2021-09-18,37,9,6739
North America,2021-09-18,37,9,76787
South America,2021-09-19,37,9,15410
Europe,2021-09-19,37,9,95232
North America,2021-09-19,37,9,69065
Africa,2021-09-19,37,9,9418
Oceania,2021-09-19,37,9,1601
Asia,2021-09-19,37,9,170119
South America,2021-09-20,38,9,15612
Oceania,2021-09-20,38,9,2021
Asia,2021-09-20,38,9,165072
North America,2021-09-20,38,9,228688
Europe,2021-09-20,38,9,111588
Africa,2021-09-20,38,9,11092
Asia,2021-09-21,38,9,172200
Europe,2021-09-21,38,9,122776
North America,2021-09-21,38,9,156086
Oceania,2021-09-21,38,9,1784
South America,2021-09-21,38,9,4852
Africa,2021-09-21,38,9,11480
Africa,2021-09-22,38,9,15953
North America,2021-09-22,38,9,165847
Asia,2021-09-22,38,9,176290
South America,2021-09-22,38,9,45311
Europe,2021-09-22,38,9,132521
Oceania,2021-09-22,38,9,2249
Africa,2021-09-23,38,9,14646
North America,2021-09-23,38,9,159198
Oceania,2021-09-23,38,9,1950
Europe,2021-09-23,38,9,134720
Asia,2021-09-23,38,9,170216
South America,2021-09-23,38,9,30989
South America,2021-09-24,38,9,27861
Europe,2021-09-24,38,9,131173
Africa,2021-09-24,38,9,12256
Oceania,2021-09-24,38,9,2072
Asia,2021-09-24,38,9,164768
North America,2021-09-24,38,9,209451
Europe,2021-09-25,38,9,111660
Asia,2021-09-25,38,9,156730
Oceania,2021-09-25,38,9,1934
North America,2021-09-25,38,9,63861
Africa,2021-09-25,38,9,9694
South America,2021-09-25,38,9,23278
Europe,2021-09-26,38,9,103310
Africa,2021-09-26,38,9,5899
Oceania,2021-09-26,38,9,1782
North America,2021-09-26,38,9,72156
Asia,2021-09-26,38,9,152546
South America,2021-09-26,38,9,12639
North America,2021-09-27,39,9,200294
Europe,2021-09-27,39,9,116071
South America,2021-09-27,39,9,21024
Asia,2021-09-27,39,9,124198
Oceania,2021-09-27,39,9,1942
Africa,2021-09-27,39,9,9119
Oceania,2021-09-28,39,9,1921
North America,2021-09-28,39,9,140868
Asia,2021-09-28,39,9,138938
Europe,2021-09-28,39,9,134627
Africa,2021-09-28,39,9,8775
South America,2021-09-28,39,9,24333
South America,2021-09-29,39,9,25848
North America,2021-09-29,39,9,151830
Oceania,2021-09-29,39,9,2886
Europe,2021-09-29,39,9,145798
Africa,2021-09-29,39,9,15850
Asia,2021-09-29,39,9,160587
Asia,2021-09-30,39,9,153155
Africa,2021-09-30,39,9,13595
Europe,2021-09-30,39,9,147380
South America,2021-09-30,39,9,33632
North America,2021-09-30,39,9,134540
Oceania,2021-09-30,39,9,2464
Oceania,2021-10-01,39,10,2704
South America,2021-10-01,39,10,25497
Asia,2021-10-01,39,10,147989
North America,2021-10-01,39,10,179594
Europe,2021-10-01,39,10,141891
Africa,2021-10-01,39,10,41742
Africa,2021-10-02,39,10,6361
Europe,2021-10-02,39,10,124234
North America,2021-10-02,39,10,60631
Asia,2021-10-02,39,10,133507
South America,2021-10-02,39,10,19763
Oceania,2021-10-02,39,10,2160
Oceania,2021-10-03,39,10,2087
North America,2021-10-03,39,10,48351
Europe,2021-10-03,39,10,108726
Africa,2021-10-03,39,10,5455
Asia,2021-10-03,39,10,124305
South America,2021-10-03,39,10,17474
Europe,2021-10-04,40,10,120818
Asia,2021-10-04,40,10,120894
Oceania,2021-10-04,40,10,2797
Africa,2021-10-04,40,10,4713
North America,2021-10-04,40,10,180741
South America,2021-10-04,40,10,14566
North America,2021-10-05,40,10,112581
Oceania,2021-10-05,40,10,2450
Africa,2021-10-05,40,10,9000
Asia,2021-10-05,40,10,126424
Europe,2021-10-05,40,10,141329
South America,2021-10-05,40,10,28389
Africa,2021-10-06,40,10,12682
Oceania,2021-10-06,40,10,2576
Europe,2021-10-06,40,10,163579
South America,2021-10-06,40,10,25131
Asia,2021-10-06,40,10,173142
North America,2021-10-06,40,10,135848
Europe,2021-10-07,40,10,162928
Asia,2021-10-07,40,10,104445
Oceania,2021-10-07,40,10,2885
North America,2021-10-07,40,10,130961
Africa,2021-10-07,40,10,8063
South America,2021-10-07,40,10,23559
Asia,2021-10-08,40,10,138066
Africa,2021-10-08,40,10,6108
Europe,2021-10-08,40,10,155956
South America,2021-10-08,40,10,24845
Oceania,2021-10-08,40,10,3108
North America,2021-10-08,40,10,146389
Asia,2021-10-09,40,10,115110
North America,2021-10-09,40,10,39456
Africa,2021-10-09,40,10,4690
South America,2021-10-09,40,10,22676
Oceania,2021-10-09,40,10,2508
Europe,2021-10-09,40,10,147815
Africa,2021-10-10,40,10,4702
Oceania,2021-10-10,40,10,2760
North America,2021-10-10,40,10,52603
Asia,2021-10-10,40,10,118594
Europe,2021-10-10,40,10,122420
South America,2021-10-10,40,10,13850
Europe,2021-10-11,41,10,138248
Oceania,2021-10-11,41,10,1929
Africa,2021-10-11,41,10,5418
North America,2021-10-11,41,10,116171
South America,2021-10-11,41,10,12042
Asia,2021-10-11,41,10,108183
Asia,2021-10-12,41,10,123706
Europe,2021-10-12,41,10,159589
Africa,2021-10-12,41,10,5616
South America,2021-10-12,41,10,12080
North America,2021-10-12,41,10,129896
Oceania,2021-10-12,41,10,2423
Europe,2021-10-13,41,10,174784
Asia,2021-10-13,41,10,122074
Africa,2021-10-13,41,10,9688
South America,2021-10-13,41,10,14948
North America,2021-10-13,41,10,138649
Oceania,2021-10-13,41,10,3193
Europe,2021-10-14,41,10,185873
North America,2021-10-14,41,10,105382
South America,2021-10-14,41,10,23717
Africa,2021-10-14,41,10,6366
Oceania,2021-10-14,41,10,3013
Asia,2021-10-14,41,10,120214
Asia,2021-10-15,41,10,118704
Oceania,2021-10-15,41,10,2406
North America,2021-10-15,41,10,125994
South America,2021-10-15,41,10,23739
Africa,2021-10-15,41,10,6019
Europe,2021-10-15,41,10,180215
Africa,2021-10-16,41,10,4618
South America,2021-10-16,41,10,16543
Europe,2021-10-16,41,10,163588
North America,2021-10-16,41,10,47196
Oceania,2021-10-16,41,10,2225
Asia,2021-10-16,41,10,103104
Oceania,2021-10-17,41,10,2123
South America,2021-10-17,41,10,13372
Europe,2021-10-17,41,10,149029
Asia,2021-10-17,41,10,105998
North America,2021-10-17,41,10,38780
Africa,2021-10-17,41,10,3983
Europe,2021-10-18,42,10,169579
North America,2021-10-18,42,10,118214
Oceania,2021-10-18,42,10,3097
Asia,2021-10-18,42,10,103178
Africa,2021-10-18,42,10,6850
South America,2021-10-18,42,10,13844
Europe,2021-10-19,42,10,205347
Asia,2021-10-19,42,10,112785
North America,2021-10-19,42,10,95554
South America,2021-10-19,42,10,19757
Oceania,2021-10-19,42,10,2656
Africa,2021-10-19,42,10,6054
Africa,2021-10-20,42,10,4586
Oceania,2021-10-20,42,10,3122
North America,2021-10-20,42,10,105836
Europe,2021-10-20,42,10,222532
Asia,2021-10-20,42,10,112022
South America,2021-10-20,42,10,23107
Asia,2021-10-21,42,10,105672
North America,2021-10-21,42,10,91034
Europe,2021-10-21,42,10,228806
Africa,2021-10-21,42,10,5700
Oceania,2021-10-21,42,10,3066
South America,2021-10-21,42,10,22704
Oceania,2021-10-22,42,10,2633
South America,2021-10-22,42,10,23555
Asia,2021-10-22,42,10,113872
Europe,2021-10-22,42,10,229260
North America,2021-10-22,42,10,111683
Africa,2021-10-22,42,10,4648
Oceania,2021-10-23,42,10,2258
Africa,2021-10-23,42,10,3951
Europe,2021-10-23,42,10,197156
South America,2021-10-23,42,10,20319
North America,2021-10-23,42,10,39723
Asia,2021-10-23,42,10,96888
South America,2021-10-24,42,10,13626
Europe,2021-10-24,42,10,174841
North America,2021-10-24,42,10,22036
Africa,2021-10-24,42,10,3218
Asia,2021-10-24,42,10,99670
Oceania,2021-10-24,42,10,2691
Asia,2021-10-25,43,10,93128
North America,2021-10-25,43,10,127237
Oceania,2021-10-25,43,10,2178
South America,2021-10-25,43,10,11861
Africa,2021-10-25,43,10,6702
Europe,2021-10-25,43,10,189907
Oceania,2021-10-26,43,10,2241
North America,2021-10-26,43,10,77531
Europe,2021-10-26,43,10,237516
Asia,2021-10-26,43,10,101847
South America,2021-10-26,43,10,19375
Africa,2021-10-26,43,10,4256
North America,2021-10-27,43,10,113144
South America,2021-10-27,43,10,26354
Europe,2021-10-27,43,10,256415
Asia,2021-10-27,43,10,107397
Africa,2021-10-27,43,10,6706
Oceania,2021-10-27,43,10,2465
North America,2021-10-28,43,10,95295
Asia,2021-10-28,43,10,101041
Africa,2021-10-28,43,10,5048
Oceania,2021-10-28,43,10,2351
Europe,2021-10-28,43,10,232170
South America,2021-10-28,43,10,23175
Africa,2021-10-29,43,10,4138
Asia,2021-10-29,43,10,107596
Oceania,2021-10-29,43,10,2098
North America,2021-10-29,43,10,104956
Europe,2021-10-29,43,10,265763
South America,2021-10-29,43,10,20261
North America,2021-10-30,43,10,40428
Asia,2021-10-30,43,10,92288
Oceania,2021-10-30,43,10,1328
Africa,2021-10-30,43,10,2725
Europe,2021-10-30,43,10,225447
South America,2021-10-30,43,10,19747
South America,2021-10-31,43,10,13258
Oceania,2021-10-31,43,10,2239
Europe,2021-10-31,43,10,174359
Asia,2021-10-31,43,10,91376
Africa,2021-10-31,43,10,3298
North America,2021-10-31,43,10,36326
South America,2021-11-01,44,11,9981
Africa,2021-11-01,44,11,4055
Oceania,2021-11-01,44,11,1401
North America,2021-11-01,44,11,122154
Europe,2021-11-01,44,11,193794
Asia,2021-11-01,44,11,91680
Asia,2021-11-02,44,11,111944
Europe,2021-11-02,44,11,222434
North America,2021-11-02,44,11,77971
Oceania,2021-11-02,44,11,1442
Africa,2021-11-02,44,11,3919
South America,2021-11-02,44,11,11801
Africa,2021-11-03,44,11,5884
South America,2021-11-03,44,11,22346
Asia,2021-11-03,44,11,95758
Europe,2021-11-03,44,11,300117
North America,2021-11-03,44,11,94424
Oceania,2021-11-03,44,11,2681
Asia,2021-11-04,44,11,111002
Africa,2021-11-04,44,11,3803
Europe,2021-11-04,44,11,295476
South America,2021-11-04,44,11,24276
North America,2021-11-04,44,11,91480
Oceania,2021-11-04,44,11,1746
South America,2021-11-05,44,11,23308
North America,2021-11-05,44,11,106825
Europe,2021-11-05,44,11,276474
Africa,2021-11-05,44,11,9597
Asia,2021-11-05,44,11,97075
Oceania,2021-11-05,44,11,2053
Europe,2021-11-06,44,11,255029
Oceania,2021-11-06,44,11,1501
Asia,2021-11-06,44,11,86495
Africa,2021-11-06,44,11,2811
South America,2021-11-06,44,11,21044
North America,2021-11-06,44,11,47555
Europe,2021-11-07,44,11,196704
North America,2021-11-07,44,11,40400
South America,2021-11-07,44,11,13919
Oceania,2021-11-07,44,11,1648
Africa,2021-11-07,44,11,2554
Asia,2021-11-07,44,11,91962
Africa,2021-11-08,45,11,3929
Oceania,2021-11-08,45,11,1782
Europe,2021-11-08,45,11,249574
Asia,2021-11-08,45,11,88874
South America,2021-11-08,45,11,13357
North America,2021-11-08,45,11,120993
Asia,2021-11-09,45,11,99288
Oceania,2021-11-09,45,11,1450
South America,2021-11-09,45,11,17430
North America,2021-11-09,45,11,90853
Europe,2021-11-09,45,11,270028
Africa,2021-11-09,45,11,4065
Oceania,2021-11-10,45,11,2185
Africa,2021-11-10,45,11,7109
Asia,2021-11-10,45,11,97268
South America,2021-11-10,45,11,23993
North America,2021-11-10,45,11,102999
Europe,2021-11-10,45,11,340873
Europe,2021-11-11,45,11,318824
Oceania,2021-11-11,45,11,1712
Asia,2021-11-11,45,11,97292
Africa,2021-11-11,45,11,4208
North America,2021-11-11,45,11,68492
South America,2021-11-11,45,11,25584
Africa,2021-11-12,45,11,3275
South America,2021-11-12,45,11,26107
Oceania,2021-11-12,45,11,1918
North America,2021-11-12,45,11,154942
Asia,2021-11-12,45,11,94467
Europe,2021-11-12,45,11,313980
North America,2021-11-13,45,11,49133
Asia,2021-11-13,45,11,83431
Europe,2021-11-13,45,11,268837
South America,2021-11-13,45,11,23265
Oceania,2021-11-13,45,11,1528
Africa,2021-11-13,45,11,2516
Africa,2021-11-14,45,11,1603
South America,2021-11-14,45,11,13121
Oceania,2021-11-14,45,11,1292
Asia,2021-11-14,45,11,81481
Europe,2021-11-14,45,11,216381
North America,2021-11-14,45,11,37890
Oceania,2021-11-15,46,11,1300
North America,2021-11-15,46,11,147920
Europe,2021-11-15,46,11,294246
Africa,2021-11-15,46,11,4500
South America,2021-11-15,46,11,14023
Asia,2021-11-15,46,11,82981
Asia,2021-11-16,46,11,87830
North America,2021-11-16,46,11,94102
Oceania,2021-11-16,46,11,1494
Africa,2021-11-16,46,11,3375
Europe,2021-11-16,46,11,322266
South America,2021-11-16,46,11,13038
Europe,2021-11-17,46,11,381006
Africa,2021-11-17,46,11,3521
South America,2021-11-17,46,11,22585
North America,2021-11-17,46,11,122613
Asia,2021-11-17,46,11,93737
Oceania,2021-11-17,46,11,1732
Asia,2021-11-18,46,11,91181
Europe,2021-11-18,46,11,375761
Africa,2021-11-18,46,11,4610
North America,2021-11-18,46,11,119928
Oceania,2021-11-18,46,11,1705
South America,2021-11-18,46,11,21694
North America,2021-11-19,46,11,133037
Africa,2021-11-19,46,11,3685
Oceania,2021-11-19,46,11,2225
Europe,2021-11-19,46,11,365992
South America,2021-11-19,46,11,23046
Asia,2021-11-19,46,11,87746
South America,2021-11-20,46,11,20961
Europe,2021-11-20,46,11,314085
Oceania,2021-11-20,46,11,1614
Asia,2021-11-20,46,11,86760
Africa,2021-11-20,46,11,2958
North America,2021-11-20,46,11,50602
North America,2021-11-21,46,11,44909
Europe,2021-11-21,46,11,253157
Asia,2021-11-21,46,11,79005
South America,2021-11-21,46,11,14265
Oceania,2021-11-21,46,11,1831
Africa,2021-11-21,46,11,3307
Oceania,2021-11-22,47,11,1264
South America,2021-11-22,47,11,11377
Africa,2021-11-22,47,11,3364
Asia,2021-11-22,47,11,79103
Europe,2021-11-22,47,11,369768
North America,2021-11-22,47,11,160130
South America,2021-11-23,47,11,19241
Asia,2021-11-23,47,11,119415
Africa,2021-11-23,47,11,3857
Europe,2021-11-23,47,11,346187
North America,2021-11-23,47,11,98808
Oceania,2021-11-23,47,11,1813
Oceania,2021-11-24,47,11,1815
South America,2021-11-24,47,11,22523
Asia,2021-11-24,47,11,93253
Europe,2021-11-24,47,11,428368
North America,2021-11-24,47,11,121282
Africa,2021-11-24,47,11,4822
South America,2021-11-25,47,11,25647
Africa,2021-11-25,47,11,5877
Asia,2021-11-25,47,11,98287
North America,2021-11-25,47,11,48528
Oceania,2021-11-25,47,11,1943
Europe,2021-11-25,47,11,415870
Asia,2021-11-26,47,11,88086
Africa,2021-11-26,47,11,5730
Europe,2021-11-26,47,11,414998
South America,2021-11-26,47,11,23728
North America,2021-11-26,47,11,60917
Oceania,2021-11-26,47,11,1708
Europe,2021-11-27,47,11,314782
Oceania,2021-11-27,47,11,1381
North America,2021-11-27,47,11,29727
Asia,2021-11-27,47,11,80757
Africa,2021-11-27,47,11,5559
South America,2021-11-27,47,11,18634
Europe,2021-11-28,47,11,260078
North America,2021-11-28,47,11,48034
Asia,2021-11-28,47,11,77981
Africa,2021-11-28,47,11,5573
South America,2021-11-28,47,11,13040
Oceania,2021-11-28,47,11,1462
Asia,2021-11-29,48,11,79752
Europe,2021-11-29,48,11,359848
South America,2021-11-29,48,11,14091
North America,2021-11-29,48,11,205304
Africa,2021-11-29,48,11,6688
Oceania,2021-11-29,48,11,1304
Oceania,2021-11-30,48,11,1653
North America,2021-11-30,48,11,122235
Africa,2021-11-30,48,11,8338
South America,2021-11-30,48,11,18769
Europe,2021-11-30,48,11,383984
Asia,2021-11-30,48,11,90078
Oceania,2021-12-01,48,12,1958
Africa,2021-12-01,48,12,12983
North America,2021-12-01,48,12,150751
South America,2021-12-01,48,12,21232
Asia,2021-12-01,48,12,90341
Europe,2021-12-01,48,12,429557
South America,2021-12-02,48,12,23970
Europe,2021-12-02,48,12,435020
Asia,2021-12-02,48,12,80445
North America,2021-12-02,48,12,144129
Oceania,2021-12-02,48,12,1736
Africa,2021-12-02,48,12,16044
North America,2021-12-03,48,12,166338
Africa,2021-12-03,48,12,21486
South America,2021-12-03,48,12,20903
Oceania,2021-12-03,48,12,1851
Asia,2021-12-03,48,12,85258
Europe,2021-12-03,48,12,418150
Oceania,2021-12-04,48,12,1357
South America,2021-12-04,48,12,19678
North America,2021-12-04,48,12,65694
Africa,2021-12-04,48,12,20535
Asia,2021-12-04,48,12,74300
Europe,2021-12-04,48,12,325463
South America,2021-12-05,48,12,12389
Asia,2021-12-05,48,12,89989
Oceania,2021-12-05,48,12,1569
Africa,2021-12-05,48,12,14651
Europe,2021-12-05,48,12,262302
North America,2021-12-05,48,12,55778
South America,2021-12-06,49,12,14261
Oceania,2021-12-06,49,12,1550
North America,2021-12-06,49,12,189982
Europe,2021-12-06,49,12,302633
Asia,2021-12-06,49,12,74170
Africa,2021-12-06,49,12,11032
Europe,2021-12-07,49,12,446966
South America,2021-12-07,49,12,21897
Asia,2021-12-07,49,12,83308
Oceania,2021-12-07,49,12,1917
North America,2021-12-07,49,12,116978
Africa,2021-12-07,49,12,20055
North America,2021-12-08,49,12,158747
Asia,2021-12-08,49,12,89740
Europe,2021-12-08,49,12,370526
South America,2021-12-08,49,12,16675
Africa,2021-12-08,49,12,33673
Oceania,2021-12-08,49,12,1804
North America,2021-12-09,49,12,131261
South America,2021-12-09,49,12,21465
Oceania,2021-12-09,49,12,1844
Asia,2021-12-09,49,12,83431
Africa,2021-12-09,49,12,32530
Europe,2021-12-09,49,12,453726
North America,2021-12-10,49,12,177912
Asia,2021-12-10,49,12,79967
Europe,2021-12-10,49,12,394901
Africa,2021-12-10,49,12,27248
South America,2021-12-10,49,12,10003
Oceania,2021-12-10,49,12,1927
Europe,2021-12-11,49,12,303889
Africa,2021-12-11,49,12,32924
Asia,2021-12-11,49,12,77042
North America,2021-12-11,49,12,61244
Oceania,2021-12-11,49,12,1646
South America,2021-12-11,49,12,11820
Africa,2021-12-12,49,12,45287
South America,2021-12-12,49,12,11675
Asia,2021-12-12,49,12,67620
Europe,2021-12-12,49,12,250149
North America,2021-12-12,49,12,43993
Oceania,2021-12-12,49,12,2037
Oceania,2021-12-13,50,12,2077
Europe,2021-12-13,50,12,334914
Asia,2021-12-13,50,12,70182
Africa,2021-12-13,50,12,17214
North America,2021-12-13,50,12,207428
South America,2021-12-13,50,12,3826
Europe,2021-12-14,50,12,393928
Asia,2021-12-14,50,12,81673
North America,2021-12-14,50,12,122442
South America,2021-12-14,50,12,33828
Oceania,2021-12-14,50,12,2911
Africa,2021-12-14,50,12,38921
North America,2021-12-15,50,12,154561
Asia,2021-12-15,50,12,79297
Oceania,2021-12-15,50,12,3533
Europe,2021-12-15,50,12,436285
Africa,2021-12-15,50,12,44313
South America,2021-12-15,50,12,18202
North America,2021-12-16,50,12,148050
Europe,2021-12-16,50,12,423479
Oceania,2021-12-16,50,12,3881
South America,2021-12-16,50,12,14035
Asia,2021-12-16,50,12,80220
Africa,2021-12-16,50,12,44336
